palette, ncolors, red, green, blue
accent,3,127,201,127
accent,3,190,174,212
accent,3,253,192,134
accent,4,127,201,127
accent,4,190,174,212
accent,4,253,192,134
accent,4,255,255,153
accent,5,127,201,127
accent,5,190,174,212
accent,5,253,192,134
accent,5,255,255,153
accent,5,56,108,176
accent,6,127,201,127
accent,6,190,174,212
accent,6,253,192,134
accent,6,255,255,153
accent,6,56,108,176
accent,6,240,2,127
accent,7,127,201,127
accent,7,190,174,212
accent,7,253,192,134
accent,7,255,255,153
accent,7,56,108,176
accent,7,240,2,127
accent,7,191,91,23
accent,8,127,201,127
accent,8,190,174,212
accent,8,253,192,134
accent,8,255,255,153
accent,8,56,108,176
accent,8,240,2,127
accent,8,191,91,23
accent,8,102,102,102
blues,3,222,235,247
blues,3,158,202,225
blues,3,49,130,189
blues,4,239,243,255
blues,4,189,215,231
blues,4,107,174,214
blues,4,33,113,181
blues,5,239,243,255
blues,5,189,215,231
blues,5,107,174,214
blues,5,49,130,189
blues,5,8,81,156
blues,6,239,243,255
blues,6,198,219,239
blues,6,158,202,225
blues,6,107,174,214
blues,6,49,130,189
blues,6,8,81,156
blues,7,239,243,255
blues,7,198,219,239
blues,7,158,202,225
blues,7,107,174,214
blues,7,66,146,198
blues,7,33,113,181
blues,7,8,69,148
blues,8,247,251,255
blues,8,222,235,247
blues,8,198,219,239
blues,8,158,202,225
blues,8,107,174,214
blues,8,66,146,198
blues,8,33,113,181
blues,8,8,69,148
blues,9,247,251,255
blues,9,222,235,247
blues,9,198,219,239
blues,9,158,202,225
blues,9,107,174,214
blues,9,66,146,198
blues,9,33,113,181
blues,9,8,81,156
blues,9,8,48,107
brbg,3,216,179,101
brbg,3,245,245,245
brbg,3,90,180,172
brbg,4,166,97,26
brbg,4,223,194,125
brbg,4,128,205,193
brbg,4,1,133,113
brbg,5,166,97,26
brbg,5,223,194,125
brbg,5,245,245,245
brbg,5,128,205,193
brbg,5,1,133,113
brbg,6,140,81,10
brbg,6,216,179,101
brbg,6,246,232,195
brbg,6,199,234,229
brbg,6,90,180,172
brbg,6,1,102,94
brbg,7,140,81,10
brbg,7,216,179,101
brbg,7,246,232,195
brbg,7,245,245,245
brbg,7,199,234,229
brbg,7,90,180,172
brbg,7,1,102,94
brbg,8,140,81,10
brbg,8,191,129,45
brbg,8,223,194,125
brbg,8,246,232,195
brbg,8,199,234,229
brbg,8,128,205,193
brbg,8,53,151,143
brbg,8,1,102,94
brbg,9,140,81,10
brbg,9,191,129,45
brbg,9,223,194,125
brbg,9,246,232,195
brbg,9,245,245,245
brbg,9,199,234,229
brbg,9,128,205,193
brbg,9,53,151,143
brbg,9,1,102,94
brbg,10,84,48,5
brbg,10,140,81,10
brbg,10,191,129,45
brbg,10,223,194,125
brbg,10,246,232,195
brbg,10,199,234,229
brbg,10,128,205,193
brbg,10,53,151,143
brbg,10,1,102,94
brbg,10,0,60,48
brbg,11,84,48,5
brbg,11,140,81,10
brbg,11,191,129,45
brbg,11,223,194,125
brbg,11,246,232,195
brbg,11,245,245,245
brbg,11,199,234,229
brbg,11,128,205,193
brbg,11,53,151,143
brbg,11,1,102,94
brbg,11,0,60,48
bugn,3,229,245,249
bugn,3,153,216,201
bugn,3,44,162,95
bugn,4,237,248,251
bugn,4,178,226,226
bugn,4,102,194,164
bugn,4,35,139,69
bugn,5,237,248,251
bugn,5,178,226,226
bugn,5,102,194,164
bugn,5,44,162,95
bugn,5,0,109,44
bugn,6,237,248,251
bugn,6,204,236,230
bugn,6,153,216,201
bugn,6,102,194,164
bugn,6,44,162,95
bugn,6,0,109,44
bugn,7,237,248,251
bugn,7,204,236,230
bugn,7,153,216,201
bugn,7,102,194,164
bugn,7,65,174,118
bugn,7,35,139,69
bugn,7,0,88,36
bugn,8,247,252,253
bugn,8,229,245,249
bugn,8,204,236,230
bugn,8,153,216,201
bugn,8,102,194,164
bugn,8,65,174,118
bugn,8,35,139,69
bugn,8,0,88,36
bugn,9,247,252,253
bugn,9,229,245,249
bugn,9,204,236,230
bugn,9,153,216,201
bugn,9,102,194,164
bugn,9,65,174,118
bugn,9,35,139,69
bugn,9,0,109,44
bugn,9,0,68,27
bupu,3,224,236,244
bupu,3,158,188,218
bupu,3,136,86,167
bupu,4,237,248,251
bupu,4,179,205,227
bupu,4,140,150,198
bupu,4,136,65,157
bupu,5,237,248,251
bupu,5,179,205,227
bupu,5,140,150,198
bupu,5,136,86,167
bupu,5,129,15,124
bupu,6,237,248,251
bupu,6,191,211,230
bupu,6,158,188,218
bupu,6,140,150,198
bupu,6,136,86,167
bupu,6,129,15,124
bupu,7,237,248,251
bupu,7,191,211,230
bupu,7,158,188,218
bupu,7,140,150,198
bupu,7,140,107,177
bupu,7,136,65,157
bupu,7,110,1,107
bupu,8,247,252,253
bupu,8,224,236,244
bupu,8,191,211,230
bupu,8,158,188,218
bupu,8,140,150,198
bupu,8,140,107,177
bupu,8,136,65,157
bupu,8,110,1,107
bupu,9,247,252,253
bupu,9,224,236,244
bupu,9,191,211,230
bupu,9,158,188,218
bupu,9,140,150,198
bupu,9,140,107,177
bupu,9,136,65,157
bupu,9,129,15,124
bupu,9,77,0,75
dark2,3,27,158,119
dark2,3,217,95,2
dark2,3,117,112,179
dark2,4,27,158,119
dark2,4,217,95,2
dark2,4,117,112,179
dark2,4,231,41,138
dark2,5,27,158,119
dark2,5,217,95,2
dark2,5,117,112,179
dark2,5,231,41,138
dark2,5,102,166,30
dark2,6,27,158,119
dark2,6,217,95,2
dark2,6,117,112,179
dark2,6,231,41,138
dark2,6,102,166,30
dark2,6,230,171,2
dark2,7,27,158,119
dark2,7,217,95,2
dark2,7,117,112,179
dark2,7,231,41,138
dark2,7,102,166,30
dark2,7,230,171,2
dark2,7,166,118,29
dark2,8,27,158,119
dark2,8,217,95,2
dark2,8,117,112,179
dark2,8,231,41,138
dark2,8,102,166,30
dark2,8,230,171,2
dark2,8,166,118,29
dark2,8,102,102,102
gnbu,3,224,243,219
gnbu,3,168,221,181
gnbu,3,67,162,202
gnbu,4,240,249,232
gnbu,4,186,228,188
gnbu,4,123,204,196
gnbu,4,43,140,190
gnbu,5,240,249,232
gnbu,5,186,228,188
gnbu,5,123,204,196
gnbu,5,67,162,202
gnbu,5,8,104,172
gnbu,6,240,249,232
gnbu,6,204,235,197
gnbu,6,168,221,181
gnbu,6,123,204,196
gnbu,6,67,162,202
gnbu,6,8,104,172
gnbu,7,240,249,232
gnbu,7,204,235,197
gnbu,7,168,221,181
gnbu,7,123,204,196
gnbu,7,78,179,211
gnbu,7,43,140,190
gnbu,7,8,88,158
gnbu,8,247,252,240
gnbu,8,224,243,219
gnbu,8,204,235,197
gnbu,8,168,221,181
gnbu,8,123,204,196
gnbu,8,78,179,211
gnbu,8,43,140,190
gnbu,8,8,88,158
gnbu,9,247,252,240
gnbu,9,224,243,219
gnbu,9,204,235,197
gnbu,9,168,221,181
gnbu,9,123,204,196
gnbu,9,78,179,211
gnbu,9,43,140,190
gnbu,9,8,104,172
gnbu,9,8,64,129
greens,3,229,245,224
greens,3,161,217,155
greens,3,49,163,84
greens,4,237,248,233
greens,4,186,228,179
greens,4,116,196,118
greens,4,35,139,69
greens,5,237,248,233
greens,5,186,228,179
greens,5,116,196,118
greens,5,49,163,84
greens,5,0,109,44
greens,6,237,248,233
greens,6,199,233,192
greens,6,161,217,155
greens,6,116,196,118
greens,6,49,163,84
greens,6,0,109,44
greens,7,237,248,233
greens,7,199,233,192
greens,7,161,217,155
greens,7,116,196,118
greens,7,65,171,93
greens,7,35,139,69
greens,7,0,90,50
greens,8,247,252,245
greens,8,229,245,224
greens,8,199,233,192
greens,8,161,217,155
greens,8,116,196,118
greens,8,65,171,93
greens,8,35,139,69
greens,8,0,90,50
greens,9,247,252,245
greens,9,229,245,224
greens,9,199,233,192
greens,9,161,217,155
greens,9,116,196,118
greens,9,65,171,93
greens,9,35,139,69
greens,9,0,109,44
greens,9,0,68,27
greys,3,240,240,240
greys,3,189,189,189
greys,3,99,99,99
greys,4,247,247,247
greys,4,204,204,204
greys,4,150,150,150
greys,4,82,82,82
greys,5,247,247,247
greys,5,204,204,204
greys,5,150,150,150
greys,5,99,99,99
greys,5,37,37,37
greys,6,247,247,247
greys,6,217,217,217
greys,6,189,189,189
greys,6,150,150,150
greys,6,99,99,99
greys,6,37,37,37
greys,7,247,247,247
greys,7,217,217,217
greys,7,189,189,189
greys,7,150,150,150
greys,7,115,115,115
greys,7,82,82,82
greys,7,37,37,37
greys,8,255,255,255
greys,8,240,240,240
greys,8,217,217,217
greys,8,189,189,189
greys,8,150,150,150
greys,8,115,115,115
greys,8,82,82,82
greys,8,37,37,37
greys,9,255,255,255
greys,9,240,240,240
greys,9,217,217,217
greys,9,189,189,189
greys,9,150,150,150
greys,9,115,115,115
greys,9,82,82,82
greys,9,37,37,37
greys,9,0,0,0
oranges,3,254,230,206
oranges,3,253,174,107
oranges,3,230,85,13
oranges,4,254,237,222
oranges,4,253,190,133
oranges,4,253,141,60
oranges,4,217,71,1
oranges,5,254,237,222
oranges,5,253,190,133
oranges,5,253,141,60
oranges,5,230,85,13
oranges,5,166,54,3
oranges,6,254,237,222
oranges,6,253,208,162
oranges,6,253,174,107
oranges,6,253,141,60
oranges,6,230,85,13
oranges,6,166,54,3
oranges,7,254,237,222
oranges,7,253,208,162
oranges,7,253,174,107
oranges,7,253,141,60
oranges,7,241,105,19
oranges,7,217,72,1
oranges,7,140,45,4
oranges,8,255,245,235
oranges,8,254,230,206
oranges,8,253,208,162
oranges,8,253,174,107
oranges,8,253,141,60
oranges,8,241,105,19
oranges,8,217,72,1
oranges,8,140,45,4
oranges,9,255,245,235
oranges,9,254,230,206
oranges,9,253,208,162
oranges,9,253,174,107
oranges,9,253,141,60
oranges,9,241,105,19
oranges,9,217,72,1
oranges,9,166,54,3
oranges,9,127,39,4
orrd,3,254,232,200
orrd,3,253,187,132
orrd,3,227,74,51
orrd,4,254,240,217
orrd,4,253,204,138
orrd,4,252,141,89
orrd,4,215,48,31
orrd,5,254,240,217
orrd,5,253,204,138
orrd,5,252,141,89
orrd,5,227,74,51
orrd,5,179,0,0
orrd,6,254,240,217
orrd,6,253,212,158
orrd,6,253,187,132
orrd,6,252,141,89
orrd,6,227,74,51
orrd,6,179,0,0
orrd,7,254,240,217
orrd,7,253,212,158
orrd,7,253,187,132
orrd,7,252,141,89
orrd,7,239,101,72
orrd,7,215,48,31
orrd,7,153,0,0
orrd,8,255,247,236
orrd,8,254,232,200
orrd,8,253,212,158
orrd,8,253,187,132
orrd,8,252,141,89
orrd,8,239,101,72
orrd,8,215,48,31
orrd,8,153,0,0
orrd,9,255,247,236
orrd,9,254,232,200
orrd,9,253,212,158
orrd,9,253,187,132
orrd,9,252,141,89
orrd,9,239,101,72
orrd,9,215,48,31
orrd,9,179,0,0
orrd,9,127,0,0
paired,3,166,206,227
paired,3,31,120,180
paired,3,178,223,138
paired,4,166,206,227
paired,4,31,120,180
paired,4,178,223,138
paired,4,51,160,44
paired,5,166,206,227
paired,5,31,120,180
paired,5,178,223,138
paired,5,51,160,44
paired,5,251,154,153
paired,6,166,206,227
paired,6,31,120,180
paired,6,178,223,138
paired,6,51,160,44
paired,6,251,154,153
paired,6,227,26,28
paired,7,166,206,227
paired,7,31,120,180
paired,7,178,223,138
paired,7,51,160,44
paired,7,251,154,153
paired,7,227,26,28
paired,7,253,191,111
paired,8,166,206,227
paired,8,31,120,180
paired,8,178,223,138
paired,8,51,160,44
paired,8,251,154,153
paired,8,227,26,28
paired,8,253,191,111
paired,8,255,127,0
paired,9,166,206,227
paired,9,31,120,180
paired,9,178,223,138
paired,9,51,160,44
paired,9,251,154,153
paired,9,227,26,28
paired,9,253,191,111
paired,9,255,127,0
paired,9,202,178,214
paired,10,166,206,227
paired,10,31,120,180
paired,10,178,223,138
paired,10,51,160,44
paired,10,251,154,153
paired,10,227,26,28
paired,10,253,191,111
paired,10,255,127,0
paired,10,202,178,214
paired,10,106,61,154
paired,11,166,206,227
paired,11,31,120,180
paired,11,178,223,138
paired,11,51,160,44
paired,11,251,154,153
paired,11,227,26,28
paired,11,253,191,111
paired,11,255,127,0
paired,11,202,178,214
paired,11,106,61,154
paired,11,255,255,153
paired,12,166,206,227
paired,12,31,120,180
paired,12,178,223,138
paired,12,51,160,44
paired,12,251,154,153
paired,12,227,26,28
paired,12,253,191,111
paired,12,255,127,0
paired,12,202,178,214
paired,12,106,61,154
paired,12,255,255,153
paired,12,177,89,40
pastel1,3,251,180,174
pastel1,3,179,205,227
pastel1,3,204,235,197
pastel1,4,251,180,174
pastel1,4,179,205,227
pastel1,4,204,235,197
pastel1,4,222,203,228
pastel1,5,251,180,174
pastel1,5,179,205,227
pastel1,5,204,235,197
pastel1,5,222,203,228
pastel1,5,254,217,166
pastel1,6,251,180,174
pastel1,6,179,205,227
pastel1,6,204,235,197
pastel1,6,222,203,228
pastel1,6,254,217,166
pastel1,6,255,255,204
pastel1,7,251,180,174
pastel1,7,179,205,227
pastel1,7,204,235,197
pastel1,7,222,203,228
pastel1,7,254,217,166
pastel1,7,255,255,204
pastel1,7,229,216,189
pastel1,8,251,180,174
pastel1,8,179,205,227
pastel1,8,204,235,197
pastel1,8,222,203,228
pastel1,8,254,217,166
pastel1,8,255,255,204
pastel1,8,229,216,189
pastel1,8,253,218,236
pastel1,9,251,180,174
pastel1,9,179,205,227
pastel1,9,204,235,197
pastel1,9,222,203,228
pastel1,9,254,217,166
pastel1,9,255,255,204
pastel1,9,229,216,189
pastel1,9,253,218,236
pastel1,9,242,242,242
pastel2,3,179,226,205
pastel2,3,253,205,172
pastel2,3,203,213,232
pastel2,4,179,226,205
pastel2,4,253,205,172
pastel2,4,203,213,232
pastel2,4,244,202,228
pastel2,5,179,226,205
pastel2,5,253,205,172
pastel2,5,203,213,232
pastel2,5,244,202,228
pastel2,5,230,245,201
pastel2,6,179,226,205
pastel2,6,253,205,172
pastel2,6,203,213,232
pastel2,6,244,202,228
pastel2,6,230,245,201
pastel2,6,255,242,174
pastel2,7,179,226,205
pastel2,7,253,205,172
pastel2,7,203,213,232
pastel2,7,244,202,228
pastel2,7,230,245,201
pastel2,7,255,242,174
pastel2,7,241,226,204
pastel2,8,179,226,205
pastel2,8,253,205,172
pastel2,8,203,213,232
pastel2,8,244,202,228
pastel2,8,230,245,201
pastel2,8,255,242,174
pastel2,8,241,226,204
pastel2,8,204,204,204
piyg,3,233,163,201
piyg,3,247,247,247
piyg,3,161,215,106
piyg,4,208,28,139
piyg,4,241,182,218
piyg,4,184,225,134
piyg,4,77,172,38
piyg,5,208,28,139
piyg,5,241,182,218
piyg,5,247,247,247
piyg,5,184,225,134
piyg,5,77,172,38
piyg,6,197,27,125
piyg,6,233,163,201
piyg,6,253,224,239
piyg,6,230,245,208
piyg,6,161,215,106
piyg,6,77,146,33
piyg,7,197,27,125
piyg,7,233,163,201
piyg,7,253,224,239
piyg,7,247,247,247
piyg,7,230,245,208
piyg,7,161,215,106
piyg,7,77,146,33
piyg,8,197,27,125
piyg,8,222,119,174
piyg,8,241,182,218
piyg,8,253,224,239
piyg,8,230,245,208
piyg,8,184,225,134
piyg,8,127,188,65
piyg,8,77,146,33
piyg,9,197,27,125
piyg,9,222,119,174
piyg,9,241,182,218
piyg,9,253,224,239
piyg,9,247,247,247
piyg,9,230,245,208
piyg,9,184,225,134
piyg,9,127,188,65
piyg,9,77,146,33
piyg,10,142,1,82
piyg,10,197,27,125
piyg,10,222,119,174
piyg,10,241,182,218
piyg,10,253,224,239
piyg,10,230,245,208
piyg,10,184,225,134
piyg,10,127,188,65
piyg,10,77,146,33
piyg,10,39,100,25
piyg,11,142,1,82
piyg,11,197,27,125
piyg,11,222,119,174
piyg,11,241,182,218
piyg,11,253,224,239
piyg,11,247,247,247
piyg,11,230,245,208
piyg,11,184,225,134
piyg,11,127,188,65
piyg,11,77,146,33
piyg,11,39,100,25
prgn,3,175,141,195
prgn,3,247,247,247
prgn,3,127,191,123
prgn,4,123,50,148
prgn,4,194,165,207
prgn,4,166,219,160
prgn,4,0,136,55
prgn,5,123,50,148
prgn,5,194,165,207
prgn,5,247,247,247
prgn,5,166,219,160
prgn,5,0,136,55
prgn,6,118,42,131
prgn,6,175,141,195
prgn,6,231,212,232
prgn,6,217,240,211
prgn,6,127,191,123
prgn,6,27,120,55
prgn,7,118,42,131
prgn,7,175,141,195
prgn,7,231,212,232
prgn,7,247,247,247
prgn,7,217,240,211
prgn,7,127,191,123
prgn,7,27,120,55
prgn,8,118,42,131
prgn,8,153,112,171
prgn,8,194,165,207
prgn,8,231,212,232
prgn,8,217,240,211
prgn,8,166,219,160
prgn,8,90,174,97
prgn,8,27,120,55
prgn,9,118,42,131
prgn,9,153,112,171
prgn,9,194,165,207
prgn,9,231,212,232
prgn,9,247,247,247
prgn,9,217,240,211
prgn,9,166,219,160
prgn,9,90,174,97
prgn,9,27,120,55
prgn,10,64,0,75
prgn,10,118,42,131
prgn,10,153,112,171
prgn,10,194,165,207
prgn,10,231,212,232
prgn,10,217,240,211
prgn,10,166,219,160
prgn,10,90,174,97
prgn,10,27,120,55
prgn,10,0,68,27
prgn,11,64,0,75
prgn,11,118,42,131
prgn,11,153,112,171
prgn,11,194,165,207
prgn,11,231,212,232
prgn,11,247,247,247
prgn,11,217,240,211
prgn,11,166,219,160
prgn,11,90,174,97
prgn,11,27,120,55
prgn,11,0,68,27
pubu,3,236,231,242
pubu,3,166,189,219
pubu,3,43,140,190
pubu,4,241,238,246
pubu,4,189,201,225
pubu,4,116,169,207
pubu,4,5,112,176
pubu,5,241,238,246
pubu,5,189,201,225
pubu,5,116,169,207
pubu,5,43,140,190
pubu,5,4,90,141
pubu,6,241,238,246
pubu,6,208,209,230
pubu,6,166,189,219
pubu,6,116,169,207
pubu,6,43,140,190
pubu,6,4,90,141
pubu,7,241,238,246
pubu,7,208,209,230
pubu,7,166,189,219
pubu,7,116,169,207
pubu,7,54,144,192
pubu,7,5,112,176
pubu,7,3,78,123
pubu,8,255,247,251
pubu,8,236,231,242
pubu,8,208,209,230
pubu,8,166,189,219
pubu,8,116,169,207
pubu,8,54,144,192
pubu,8,5,112,176
pubu,8,3,78,123
pubu,9,255,247,251
pubu,9,236,231,242
pubu,9,208,209,230
pubu,9,166,189,219
pubu,9,116,169,207
pubu,9,54,144,192
pubu,9,5,112,176
pubu,9,4,90,141
pubu,9,2,56,88
pubugn,3,236,226,240
pubugn,3,166,189,219
pubugn,3,28,144,153
pubugn,4,246,239,247
pubugn,4,189,201,225
pubugn,4,103,169,207
pubugn,4,2,129,138
pubugn,5,246,239,247
pubugn,5,189,201,225
pubugn,5,103,169,207
pubugn,5,28,144,153
pubugn,5,1,108,89
pubugn,6,246,239,247
pubugn,6,208,209,230
pubugn,6,166,189,219
pubugn,6,103,169,207
pubugn,6,28,144,153
pubugn,6,1,108,89
pubugn,7,246,239,247
pubugn,7,208,209,230
pubugn,7,166,189,219
pubugn,7,103,169,207
pubugn,7,54,144,192
pubugn,7,2,129,138
pubugn,7,1,100,80
pubugn,8,255,247,251
pubugn,8,236,226,240
pubugn,8,208,209,230
pubugn,8,166,189,219
pubugn,8,103,169,207
pubugn,8,54,144,192
pubugn,8,2,129,138
pubugn,8,1,100,80
pubugn,9,255,247,251
pubugn,9,236,226,240
pubugn,9,208,209,230
pubugn,9,166,189,219
pubugn,9,103,169,207
pubugn,9,54,144,192
pubugn,9,2,129,138
pubugn,9,1,108,89
pubugn,9,1,70,54
puor,3,241,163,64
puor,3,247,247,247
puor,3,153,142,195
puor,4,230,97,1
puor,4,253,184,99
puor,4,178,171,210
puor,4,94,60,153
puor,5,230,97,1
puor,5,253,184,99
puor,5,247,247,247
puor,5,178,171,210
puor,5,94,60,153
puor,6,179,88,6
puor,6,241,163,64
puor,6,254,224,182
puor,6,216,218,235
puor,6,153,142,195
puor,6,84,39,136
puor,7,179,88,6
puor,7,241,163,64
puor,7,254,224,182
puor,7,247,247,247
puor,7,216,218,235
puor,7,153,142,195
puor,7,84,39,136
puor,8,179,88,6
puor,8,224,130,20
puor,8,253,184,99
puor,8,254,224,182
puor,8,216,218,235
puor,8,178,171,210
puor,8,128,115,172
puor,8,84,39,136
puor,9,179,88,6
puor,9,224,130,20
puor,9,253,184,99
puor,9,254,224,182
puor,9,247,247,247
puor,9,216,218,235
puor,9,178,171,210
puor,9,128,115,172
puor,9,84,39,136
puor,10,127,59,8
puor,10,179,88,6
puor,10,224,130,20
puor,10,253,184,99
puor,10,254,224,182
puor,10,216,218,235
puor,10,178,171,210
puor,10,128,115,172
puor,10,84,39,136
puor,10,45,0,75
puor,11,127,59,8
puor,11,179,88,6
puor,11,224,130,20
puor,11,253,184,99
puor,11,254,224,182
puor,11,247,247,247
puor,11,216,218,235
puor,11,178,171,210
puor,11,128,115,172
puor,11,84,39,136
puor,11,45,0,75
purd,3,231,225,239
purd,3,201,148,199
purd,3,221,28,119
purd,4,241,238,246
purd,4,215,181,216
purd,4,223,101,176
purd,4,206,18,86
purd,5,241,238,246
purd,5,215,181,216
purd,5,223,101,176
purd,5,221,28,119
purd,5,152,0,67
purd,6,241,238,246
purd,6,212,185,218
purd,6,201,148,199
purd,6,223,101,176
purd,6,221,28,119
purd,6,152,0,67
purd,7,241,238,246
purd,7,212,185,218
purd,7,201,148,199
purd,7,223,101,176
purd,7,231,41,138
purd,7,206,18,86
purd,7,145,0,63
purd,8,247,244,249
purd,8,231,225,239
purd,8,212,185,218
purd,8,201,148,199
purd,8,223,101,176
purd,8,231,41,138
purd,8,206,18,86
purd,8,145,0,63
purd,9,247,244,249
purd,9,231,225,239
purd,9,212,185,218
purd,9,201,148,199
purd,9,223,101,176
purd,9,231,41,138
purd,9,206,18,86
purd,9,152,0,67
purd,9,103,0,31
purples,3,239,237,245
purples,3,188,189,220
purples,3,117,107,177
purples,4,242,240,247
purples,4,203,201,226
purples,4,158,154,200
purples,4,106,81,163
purples,5,242,240,247
purples,5,203,201,226
purples,5,158,154,200
purples,5,117,107,177
purples,5,84,39,143
purples,6,242,240,247
purples,6,218,218,235
purples,6,188,189,220
purples,6,158,154,200
purples,6,117,107,177
purples,6,84,39,143
purples,7,242,240,247
purples,7,218,218,235
purples,7,188,189,220
purples,7,158,154,200
purples,7,128,125,186
purples,7,106,81,163
purples,7,74,20,134
purples,8,252,251,253
purples,8,239,237,245
purples,8,218,218,235
purples,8,188,189,220
purples,8,158,154,200
purples,8,128,125,186
purples,8,106,81,163
purples,8,74,20,134
purples,9,252,251,253
purples,9,239,237,245
purples,9,218,218,235
purples,9,188,189,220
purples,9,158,154,200
purples,9,128,125,186
purples,9,106,81,163
purples,9,84,39,143
purples,9,63,0,125
rdbu,3,239,138,98
rdbu,3,247,247,247
rdbu,3,103,169,207
rdbu,4,202,0,32
rdbu,4,244,165,130
rdbu,4,146,197,222
rdbu,4,5,113,176
rdbu,5,202,0,32
rdbu,5,244,165,130
rdbu,5,247,247,247
rdbu,5,146,197,222
rdbu,5,5,113,176
rdbu,6,178,24,43
rdbu,6,239,138,98
rdbu,6,253,219,199
rdbu,6,209,229,240
rdbu,6,103,169,207
rdbu,6,33,102,172
rdbu,7,178,24,43
rdbu,7,239,138,98
rdbu,7,253,219,199
rdbu,7,247,247,247
rdbu,7,209,229,240
rdbu,7,103,169,207
rdbu,7,33,102,172
rdbu,8,178,24,43
rdbu,8,214,96,77
rdbu,8,244,165,130
rdbu,8,253,219,199
rdbu,8,209,229,240
rdbu,8,146,197,222
rdbu,8,67,147,195
rdbu,8,33,102,172
rdbu,9,178,24,43
rdbu,9,214,96,77
rdbu,9,244,165,130
rdbu,9,253,219,199
rdbu,9,247,247,247
rdbu,9,209,229,240
rdbu,9,146,197,222
rdbu,9,67,147,195
rdbu,9,33,102,172
rdbu,10,103,0,31
rdbu,10,178,24,43
rdbu,10,214,96,77
rdbu,10,244,165,130
rdbu,10,253,219,199
rdbu,10,209,229,240
rdbu,10,146,197,222
rdbu,10,67,147,195
rdbu,10,33,102,172
rdbu,10,5,48,97
rdbu,11,103,0,31
rdbu,11,178,24,43
rdbu,11,214,96,77
rdbu,11,244,165,130
rdbu,11,253,219,199
rdbu,11,247,247,247
rdbu,11,209,229,240
rdbu,11,146,197,222
rdbu,11,67,147,195
rdbu,11,33,102,172
rdbu,11,5,48,97
rdgy,3,239,138,98
rdgy,3,255,255,255
rdgy,3,153,153,153
rdgy,4,202,0,32
rdgy,4,244,165,130
rdgy,4,186,186,186
rdgy,4,64,64,64
rdgy,5,202,0,32
rdgy,5,244,165,130
rdgy,5,255,255,255
rdgy,5,186,186,186
rdgy,5,64,64,64
rdgy,6,178,24,43
rdgy,6,239,138,98
rdgy,6,253,219,199
rdgy,6,224,224,224
rdgy,6,153,153,153
rdgy,6,77,77,77
rdgy,7,178,24,43
rdgy,7,239,138,98
rdgy,7,253,219,199
rdgy,7,255,255,255
rdgy,7,224,224,224
rdgy,7,153,153,153
rdgy,7,77,77,77
rdgy,8,178,24,43
rdgy,8,214,96,77
rdgy,8,244,165,130
rdgy,8,253,219,199
rdgy,8,224,224,224
rdgy,8,186,186,186
rdgy,8,135,135,135
rdgy,8,77,77,77
rdgy,9,178,24,43
rdgy,9,214,96,77
rdgy,9,244,165,130
rdgy,9,253,219,199
rdgy,9,255,255,255
rdgy,9,224,224,224
rdgy,9,186,186,186
rdgy,9,135,135,135
rdgy,9,77,77,77
rdgy,10,103,0,31
rdgy,10,178,24,43
rdgy,10,214,96,77
rdgy,10,244,165,130
rdgy,10,253,219,199
rdgy,10,224,224,224
rdgy,10,186,186,186
rdgy,10,135,135,135
rdgy,10,77,77,77
rdgy,10,26,26,26
rdgy,11,103,0,31
rdgy,11,178,24,43
rdgy,11,214,96,77
rdgy,11,244,165,130
rdgy,11,253,219,199
rdgy,11,255,255,255
rdgy,11,224,224,224
rdgy,11,186,186,186
rdgy,11,135,135,135
rdgy,11,77,77,77
rdgy,11,26,26,26
rdpu,3,253,224,221
rdpu,3,250,159,181
rdpu,3,197,27,138
rdpu,4,254,235,226
rdpu,4,251,180,185
rdpu,4,247,104,161
rdpu,4,174,1,126
rdpu,5,254,235,226
rdpu,5,251,180,185
rdpu,5,247,104,161
rdpu,5,197,27,138
rdpu,5,122,1,119
rdpu,6,254,235,226
rdpu,6,252,197,192
rdpu,6,250,159,181
rdpu,6,247,104,161
rdpu,6,197,27,138
rdpu,6,122,1,119
rdpu,7,254,235,226
rdpu,7,252,197,192
rdpu,7,250,159,181
rdpu,7,247,104,161
rdpu,7,221,52,151
rdpu,7,174,1,126
rdpu,7,122,1,119
rdpu,8,255,247,243
rdpu,8,253,224,221
rdpu,8,252,197,192
rdpu,8,250,159,181
rdpu,8,247,104,161
rdpu,8,221,52,151
rdpu,8,174,1,126
rdpu,8,122,1,119
rdpu,9,255,247,243
rdpu,9,253,224,221
rdpu,9,252,197,192
rdpu,9,250,159,181
rdpu,9,247,104,161
rdpu,9,221,52,151
rdpu,9,174,1,126
rdpu,9,122,1,119
rdpu,9,73,0,106
reds,3,254,224,210
reds,3,252,146,114
reds,3,222,45,38
reds,4,254,229,217
reds,4,252,174,145
reds,4,251,106,74
reds,4,203,24,29
reds,5,254,229,217
reds,5,252,174,145
reds,5,251,106,74
reds,5,222,45,38
reds,5,165,15,21
reds,6,254,229,217
reds,6,252,187,161
reds,6,252,146,114
reds,6,251,106,74
reds,6,222,45,38
reds,6,165,15,21
reds,7,254,229,217
reds,7,252,187,161
reds,7,252,146,114
reds,7,251,106,74
reds,7,239,59,44
reds,7,203,24,29
reds,7,153,0,13
reds,8,255,245,240
reds,8,254,224,210
reds,8,252,187,161
reds,8,252,146,114
reds,8,251,106,74
reds,8,239,59,44
reds,8,203,24,29
reds,8,153,0,13
reds,9,255,245,240
reds,9,254,224,210
reds,9,252,187,161
reds,9,252,146,114
reds,9,251,106,74
reds,9,239,59,44
reds,9,203,24,29
reds,9,165,15,21
reds,9,103,0,13
rdylbu,3,252,141,89
rdylbu,3,255,255,191
rdylbu,3,145,191,219
rdylbu,4,215,25,28
rdylbu,4,253,174,97
rdylbu,4,171,217,233
rdylbu,4,44,123,182
rdylbu,5,215,25,28
rdylbu,5,253,174,97
rdylbu,5,255,255,191
rdylbu,5,171,217,233
rdylbu,5,44,123,182
rdylbu,6,215,48,39
rdylbu,6,252,141,89
rdylbu,6,254,224,144
rdylbu,6,224,243,248
rdylbu,6,145,191,219
rdylbu,6,69,117,180
rdylbu,7,215,48,39
rdylbu,7,252,141,89
rdylbu,7,254,224,144
rdylbu,7,255,255,191
rdylbu,7,224,243,248
rdylbu,7,145,191,219
rdylbu,7,69,117,180
rdylbu,8,215,48,39
rdylbu,8,244,109,67
rdylbu,8,253,174,97
rdylbu,8,254,224,144
rdylbu,8,224,243,248
rdylbu,8,171,217,233
rdylbu,8,116,173,209
rdylbu,8,69,117,180
rdylbu,9,215,48,39
rdylbu,9,244,109,67
rdylbu,9,253,174,97
rdylbu,9,254,224,144
rdylbu,9,255,255,191
rdylbu,9,224,243,248
rdylbu,9,171,217,233
rdylbu,9,116,173,209
rdylbu,9,69,117,180
rdylbu,10,165,0,38
rdylbu,10,215,48,39
rdylbu,10,244,109,67
rdylbu,10,253,174,97
rdylbu,10,254,224,144
rdylbu,10,224,243,248
rdylbu,10,171,217,233
rdylbu,10,116,173,209
rdylbu,10,69,117,180
rdylbu,10,49,54,149
rdylbu,11,165,0,38
rdylbu,11,215,48,39
rdylbu,11,244,109,67
rdylbu,11,253,174,97
rdylbu,11,254,224,144
rdylbu,11,255,255,191
rdylbu,11,224,243,248
rdylbu,11,171,217,233
rdylbu,11,116,173,209
rdylbu,11,69,117,180
rdylbu,11,49,54,149
rdylgn,3,252,141,89
rdylgn,3,255,255,191
rdylgn,3,145,207,96
rdylgn,4,215,25,28
rdylgn,4,253,174,97
rdylgn,4,166,217,106
rdylgn,4,26,150,65
rdylgn,5,215,25,28
rdylgn,5,253,174,97
rdylgn,5,255,255,191
rdylgn,5,166,217,106
rdylgn,5,26,150,65
rdylgn,6,215,48,39
rdylgn,6,252,141,89
rdylgn,6,254,224,139
rdylgn,6,217,239,139
rdylgn,6,145,207,96
rdylgn,6,26,152,80
rdylgn,7,215,48,39
rdylgn,7,252,141,89
rdylgn,7,254,224,139
rdylgn,7,255,255,191
rdylgn,7,217,239,139
rdylgn,7,145,207,96
rdylgn,7,26,152,80
rdylgn,8,215,48,39
rdylgn,8,244,109,67
rdylgn,8,253,174,97
rdylgn,8,254,224,139
rdylgn,8,217,239,139
rdylgn,8,166,217,106
rdylgn,8,102,189,99
rdylgn,8,26,152,80
rdylgn,9,215,48,39
rdylgn,9,244,109,67
rdylgn,9,253,174,97
rdylgn,9,254,224,139
rdylgn,9,255,255,191
rdylgn,9,217,239,139
rdylgn,9,166,217,106
rdylgn,9,102,189,99
rdylgn,9,26,152,80
rdylgn,10,165,0,38
rdylgn,10,215,48,39
rdylgn,10,244,109,67
rdylgn,10,253,174,97
rdylgn,10,254,224,139
rdylgn,10,217,239,139
rdylgn,10,166,217,106
rdylgn,10,102,189,99
rdylgn,10,26,152,80
rdylgn,10,0,104,55
rdylgn,11,165,0,38
rdylgn,11,215,48,39
rdylgn,11,244,109,67
rdylgn,11,253,174,97
rdylgn,11,254,224,139
rdylgn,11,255,255,191
rdylgn,11,217,239,139
rdylgn,11,166,217,106
rdylgn,11,102,189,99
rdylgn,11,26,152,80
rdylgn,11,0,104,55
set1,3,228,26,28
set1,3,55,126,184
set1,3,77,175,74
set1,4,228,26,28
set1,4,55,126,184
set1,4,77,175,74
set1,4,152,78,163
set1,5,228,26,28
set1,5,55,126,184
set1,5,77,175,74
set1,5,152,78,163
set1,5,255,127,0
set1,6,228,26,28
set1,6,55,126,184
set1,6,77,175,74
set1,6,152,78,163
set1,6,255,127,0
set1,6,255,255,51
set1,7,228,26,28
set1,7,55,126,184
set1,7,77,175,74
set1,7,152,78,163
set1,7,255,127,0
set1,7,255,255,51
set1,7,166,86,40
set1,8,228,26,28
set1,8,55,126,184
set1,8,77,175,74
set1,8,152,78,163
set1,8,255,127,0
set1,8,255,255,51
set1,8,166,86,40
set1,8,247,129,191
set1,9,228,26,28
set1,9,55,126,184
set1,9,77,175,74
set1,9,152,78,163
set1,9,255,127,0
set1,9,255,255,51
set1,9,166,86,40
set1,9,247,129,191
set1,9,153,153,153
set2,3,102,194,165
set2,3,252,141,98
set2,3,141,160,203
set2,4,102,194,165
set2,4,252,141,98
set2,4,141,160,203
set2,4,231,138,195
set2,5,102,194,165
set2,5,252,141,98
set2,5,141,160,203
set2,5,231,138,195
set2,5,166,216,84
set2,6,102,194,165
set2,6,252,141,98
set2,6,141,160,203
set2,6,231,138,195
set2,6,166,216,84
set2,6,255,217,47
set2,7,102,194,165
set2,7,252,141,98
set2,7,141,160,203
set2,7,231,138,195
set2,7,166,216,84
set2,7,255,217,47
set2,7,229,196,148
set2,8,102,194,165
set2,8,252,141,98
set2,8,141,160,203
set2,8,231,138,195
set2,8,166,216,84
set2,8,255,217,47
set2,8,229,196,148
set2,8,179,179,179
set3,3,141,211,199
set3,3,255,255,179
set3,3,190,186,218
set3,4,141,211,199
set3,4,255,255,179
set3,4,190,186,218
set3,4,251,128,114
set3,5,141,211,199
set3,5,255,255,179
set3,5,190,186,218
set3,5,251,128,114
set3,5,128,177,211
set3,6,141,211,199
set3,6,255,255,179
set3,6,190,186,218
set3,6,251,128,114
set3,6,128,177,211
set3,6,253,180,98
set3,7,141,211,199
set3,7,255,255,179
set3,7,190,186,218
set3,7,251,128,114
set3,7,128,177,211
set3,7,253,180,98
set3,7,179,222,105
set3,8,141,211,199
set3,8,255,255,179
set3,8,190,186,218
set3,8,251,128,114
set3,8,128,177,211
set3,8,253,180,98
set3,8,179,222,105
set3,8,252,205,229
set3,9,141,211,199
set3,9,255,255,179
set3,9,190,186,218
set3,9,251,128,114
set3,9,128,177,211
set3,9,253,180,98
set3,9,179,222,105
set3,9,252,205,229
set3,9,217,217,217
set3,10,141,211,199
set3,10,255,255,179
set3,10,190,186,218
set3,10,251,128,114
set3,10,128,177,211
set3,10,253,180,98
set3,10,179,222,105
set3,10,252,205,229
set3,10,217,217,217
set3,10,188,128,189
set3,11,141,211,199
set3,11,255,255,179
set3,11,190,186,218
set3,11,251,128,114
set3,11,128,177,211
set3,11,253,180,98
set3,11,179,222,105
set3,11,252,205,229
set3,11,217,217,217
set3,11,188,128,189
set3,11,204,235,197
set3,12,141,211,199
set3,12,255,255,179
set3,12,190,186,218
set3,12,251,128,114
set3,12,128,177,211
set3,12,253,180,98
set3,12,179,222,105
set3,12,252,205,229
set3,12,217,217,217
set3,12,188,128,189
set3,12,204,235,197
set3,12,255,237,111
spectral,3,252,141,89
spectral,3,255,255,191
spectral,3,153,213,148
spectral,4,215,25,28
spectral,4,253,174,97
spectral,4,171,221,164
spectral,4,43,131,186
spectral,5,215,25,28
spectral,5,253,174,97
spectral,5,255,255,191
spectral,5,171,221,164
spectral,5,43,131,186
spectral,6,213,62,79
spectral,6,252,141,89
spectral,6,254,224,139
spectral,6,230,245,152
spectral,6,153,213,148
spectral,6,50,136,189
spectral,7,213,62,79
spectral,7,252,141,89
spectral,7,254,224,139
spectral,7,255,255,191
spectral,7,230,245,152
spectral,7,153,213,148
spectral,7,50,136,189
spectral,8,213,62,79
spectral,8,244,109,67
spectral,8,253,174,97
spectral,8,254,224,139
spectral,8,230,245,152
spectral,8,171,221,164
spectral,8,102,194,165
spectral,8,50,136,189
spectral,9,213,62,79
spectral,9,244,109,67
spectral,9,253,174,97
spectral,9,254,224,139
spectral,9,255,255,191
spectral,9,230,245,152
spectral,9,171,221,164
spectral,9,102,194,165
spectral,9,50,136,189
spectral,10,158,1,66
spectral,10,213,62,79
spectral,10,244,109,67
spectral,10,253,174,97
spectral,10,254,224,139
spectral,10,230,245,152
spectral,10,171,221,164
spectral,10,102,194,165
spectral,10,50,136,189
spectral,10,94,79,162
spectral,11,158,1,66
spectral,11,213,62,79
spectral,11,244,109,67
spectral,11,253,174,97
spectral,11,254,224,139
spectral,11,255,255,191
spectral,11,230,245,152
spectral,11,171,221,164
spectral,11,102,194,165
spectral,11,50,136,189
spectral,11,94,79,162
ylgn,3,247,252,185
ylgn,3,173,221,142
ylgn,3,49,163,84
ylgn,4,255,255,204
ylgn,4,194,230,153
ylgn,4,120,198,121
ylgn,4,35,132,67
ylgn,5,255,255,204
ylgn,5,194,230,153
ylgn,5,120,198,121
ylgn,5,49,163,84
ylgn,5,0,104,55
ylgn,6,255,255,204
ylgn,6,217,240,163
ylgn,6,173,221,142
ylgn,6,120,198,121
ylgn,6,49,163,84
ylgn,6,0,104,55
ylgn,7,255,255,204
ylgn,7,217,240,163
ylgn,7,173,221,142
ylgn,7,120,198,121
ylgn,7,65,171,93
ylgn,7,35,132,67
ylgn,7,0,90,50
ylgn,8,255,255,229
ylgn,8,247,252,185
ylgn,8,217,240,163
ylgn,8,173,221,142
ylgn,8,120,198,121
ylgn,8,65,171,93
ylgn,8,35,132,67
ylgn,8,0,90,50
ylgn,9,255,255,229
ylgn,9,247,252,185
ylgn,9,217,240,163
ylgn,9,173,221,142
ylgn,9,120,198,121
ylgn,9,65,171,93
ylgn,9,35,132,67
ylgn,9,0,104,55
ylgn,9,0,69,41
ylgnbu,3,237,248,177
ylgnbu,3,127,205,187
ylgnbu,3,44,127,184
ylgnbu,4,255,255,204
ylgnbu,4,161,218,180
ylgnbu,4,65,182,196
ylgnbu,4,34,94,168
ylgnbu,5,255,255,204
ylgnbu,5,161,218,180
ylgnbu,5,65,182,196
ylgnbu,5,44,127,184
ylgnbu,5,37,52,148
ylgnbu,6,255,255,204
ylgnbu,6,199,233,180
ylgnbu,6,127,205,187
ylgnbu,6,65,182,196
ylgnbu,6,44,127,184
ylgnbu,6,37,52,148
ylgnbu,7,255,255,204
ylgnbu,7,199,233,180
ylgnbu,7,127,205,187
ylgnbu,7,65,182,196
ylgnbu,7,29,145,192
ylgnbu,7,34,94,168
ylgnbu,7,12,44,132
ylgnbu,8,255,255,217
ylgnbu,8,237,248,177
ylgnbu,8,199,233,180
ylgnbu,8,127,205,187
ylgnbu,8,65,182,196
ylgnbu,8,29,145,192
ylgnbu,8,34,94,168
ylgnbu,8,12,44,132
ylgnbu,9,255,255,217
ylgnbu,9,237,248,177
ylgnbu,9,199,233,180
ylgnbu,9,127,205,187
ylgnbu,9,65,182,196
ylgnbu,9,29,145,192
ylgnbu,9,34,94,168
ylgnbu,9,37,52,148
ylgnbu,9,8,29,88
ylorbr,3,255,247,188
ylorbr,3,254,196,79
ylorbr,3,217,95,14
ylorbr,4,255,255,212
ylorbr,4,254,217,142
ylorbr,4,254,153,41
ylorbr,4,204,76,2
ylorbr,5,255,255,212
ylorbr,5,254,217,142
ylorbr,5,254,153,41
ylorbr,5,217,95,14
ylorbr,5,153,52,4
ylorbr,6,255,255,212
ylorbr,6,254,227,145
ylorbr,6,254,196,79
ylorbr,6,254,153,41
ylorbr,6,217,95,14
ylorbr,6,153,52,4
ylorbr,7,255,255,212
ylorbr,7,254,227,145
ylorbr,7,254,196,79
ylorbr,7,254,153,41
ylorbr,7,236,112,20
ylorbr,7,204,76,2
ylorbr,7,140,45,4
ylorbr,8,255,255,229
ylorbr,8,255,247,188
ylorbr,8,254,227,145
ylorbr,8,254,196,79
ylorbr,8,254,153,41
ylorbr,8,236,112,20
ylorbr,8,204,76,2
ylorbr,8,140,45,4
ylorbr,9,255,255,229
ylorbr,9,255,247,188
ylorbr,9,254,227,145
ylorbr,9,254,196,79
ylorbr,9,254,153,41
ylorbr,9,236,112,20
ylorbr,9,204,76,2
ylorbr,9,153,52,4
ylorbr,9,102,37,6
ylorrd,3,255,237,160
ylorrd,3,254,178,76
ylorrd,3,240,59,32
ylorrd,4,255,255,178
ylorrd,4,254,204,92
ylorrd,4,253,141,60
ylorrd,4,227,26,28
ylorrd,5,255,255,178
ylorrd,5,254,204,92
ylorrd,5,253,141,60
ylorrd,5,240,59,32
ylorrd,5,189,0,38
ylorrd,6,255,255,178
ylorrd,6,254,217,118
ylorrd,6,254,178,76
ylorrd,6,253,141,60
ylorrd,6,240,59,32
ylorrd,6,189,0,38
ylorrd,7,255,255,178
ylorrd,7,254,217,118
ylorrd,7,254,178,76
ylorrd,7,253,141,60
ylorrd,7,252,78,42
ylorrd,7,227,26,28
ylorrd,7,177,0,38
ylorrd,8,255,255,204
ylorrd,8,255,237,160
ylorrd,8,254,217,118
ylorrd,8,254,178,76
ylorrd,8,253,141,60
ylorrd,8,252,78,42
ylorrd,8,227,26,28
ylorrd,8,177,0,38
ylorrd,9,255,255,204
ylorrd,9,255,237,160
ylorrd,9,254,217,118
ylorrd,9,254,178,76
ylorrd,9,253,141,60
ylorrd,9,252,78,42
ylorrd,9,227,26,28
ylorrd,9,189,0,38
ylorrd,9,128,0,38
magma,,0.001462,0.000466,0.013866
magma,,0.002258,0.001295,0.018331
magma,,0.003279,0.002305,0.023708
magma,,0.004512,0.00349,0.029965
magma,,0.00595,0.004843,0.03713
magma,,0.007588,0.006356,0.044973
magma,,0.009426,0.008022,0.052844
magma,,0.011465,0.009828,0.06075
magma,,0.013708,0.011771,0.068667
magma,,0.016156,0.01384,0.076603
magma,,0.018815,0.016026,0.084584
magma,,0.021692,0.01832,0.09261
magma,,0.024792,0.020715,0.100676
magma,,0.028123,0.023201,0.108787
magma,,0.031696,0.025765,0.116965
magma,,0.03552,0.028397,0.125209
magma,,0.039608,0.03109,0.133515
magma,,0.04383,0.03383,0.141886
magma,,0.048062,0.036607,0.150327
magma,,0.05232,0.039407,0.158841
magma,,0.056615,0.04216,0.167446
magma,,0.060949,0.044794,0.176129
magma,,0.06533,0.047318,0.184892
magma,,0.069764,0.049726,0.193735
magma,,0.074257,0.052017,0.20266
magma,,0.078815,0.054184,0.211667
magma,,0.083446,0.056225,0.220755
magma,,0.088155,0.058133,0.229922
magma,,0.092949,0.059904,0.239164
magma,,0.097833,0.061531,0.248477
magma,,0.102815,0.06301,0.257854
magma,,0.107899,0.064335,0.267289
magma,,0.113094,0.065492,0.276784
magma,,0.118405,0.066479,0.286321
magma,,0.123833,0.067295,0.295879
magma,,0.12938,0.067935,0.305443
magma,,0.135053,0.068391,0.315
magma,,0.140858,0.068654,0.324538
magma,,0.146785,0.068738,0.334011
magma,,0.152839,0.068637,0.343404
magma,,0.159018,0.068354,0.352688
magma,,0.165308,0.067911,0.361816
magma,,0.171713,0.067305,0.370771
magma,,0.178212,0.066576,0.379497
magma,,0.184801,0.065732,0.387973
magma,,0.19146,0.064818,0.396152
magma,,0.198177,0.063862,0.404009
magma,,0.204935,0.062907,0.411514
magma,,0.211718,0.061992,0.418647
magma,,0.218512,0.061158,0.425392
magma,,0.225302,0.060445,0.431742
magma,,0.232077,0.059889,0.437695
magma,,0.238826,0.059517,0.443256
magma,,0.245543,0.059352,0.448436
magma,,0.25222,0.059415,0.453248
magma,,0.258857,0.059706,0.45771
magma,,0.265447,0.060237,0.46184
magma,,0.271994,0.060994,0.46566
magma,,0.278493,0.061978,0.46919
magma,,0.284951,0.063168,0.472451
magma,,0.291366,0.064553,0.475462
magma,,0.29774,0.066117,0.478243
magma,,0.304081,0.067835,0.480812
magma,,0.310382,0.069702,0.483186
magma,,0.316654,0.07169,0.48538
magma,,0.322899,0.073782,0.487408
magma,,0.329114,0.075972,0.489287
magma,,0.335308,0.078236,0.491024
magma,,0.341482,0.080564,0.492631
magma,,0.347636,0.082946,0.494121
magma,,0.353773,0.085373,0.495501
magma,,0.359898,0.087831,0.496778
magma,,0.366012,0.090314,0.49796
magma,,0.372116,0.092816,0.499053
magma,,0.378211,0.095332,0.500067
magma,,0.384299,0.097855,0.501002
magma,,0.390384,0.100379,0.501864
magma,,0.396467,0.102902,0.502658
magma,,0.402548,0.10542,0.503386
magma,,0.408629,0.10793,0.504052
magma,,0.414709,0.110431,0.504662
magma,,0.420791,0.11292,0.505215
magma,,0.426877,0.115395,0.505714
magma,,0.432967,0.117855,0.50616
magma,,0.439062,0.120298,0.506555
magma,,0.445163,0.122724,0.506901
magma,,0.451271,0.125132,0.507198
magma,,0.457386,0.127522,0.507448
magma,,0.463508,0.129893,0.507652
magma,,0.46964,0.132245,0.507809
magma,,0.47578,0.134577,0.507921
magma,,0.481929,0.136891,0.507989
magma,,0.488088,0.139186,0.508011
magma,,0.494258,0.141462,0.507988
magma,,0.500438,0.143719,0.50792
magma,,0.506629,0.145958,0.507806
magma,,0.512831,0.148179,0.507648
magma,,0.519045,0.150383,0.507443
magma,,0.52527,0.152569,0.507192
magma,,0.531507,0.154739,0.506895
magma,,0.537755,0.156894,0.506551
magma,,0.544015,0.159033,0.506159
magma,,0.550287,0.161158,0.505719
magma,,0.556571,0.163269,0.50523
magma,,0.562866,0.165368,0.504692
magma,,0.569172,0.167454,0.504105
magma,,0.57549,0.16953,0.503466
magma,,0.581819,0.171596,0.502777
magma,,0.588158,0.173652,0.502035
magma,,0.594508,0.175701,0.501241
magma,,0.600868,0.177743,0.500394
magma,,0.607238,0.179779,0.499492
magma,,0.613617,0.181811,0.498536
magma,,0.620005,0.18384,0.497524
magma,,0.626401,0.185867,0.496456
magma,,0.632805,0.187893,0.495332
magma,,0.639216,0.189921,0.49415
magma,,0.645633,0.191952,0.49291
magma,,0.652056,0.193986,0.491611
magma,,0.658483,0.196027,0.490253
magma,,0.664915,0.198075,0.488836
magma,,0.671349,0.200133,0.487358
magma,,0.677786,0.202203,0.485819
magma,,0.684224,0.204286,0.484219
magma,,0.690661,0.206384,0.482558
magma,,0.697098,0.208501,0.480835
magma,,0.703532,0.210638,0.479049
magma,,0.709962,0.212797,0.477201
magma,,0.716387,0.214982,0.47529
magma,,0.722805,0.217194,0.473316
magma,,0.729216,0.219437,0.471279
magma,,0.735616,0.221713,0.46918
magma,,0.742004,0.224025,0.467018
magma,,0.748378,0.226377,0.464794
magma,,0.754737,0.228772,0.462509
magma,,0.761077,0.231214,0.460162
magma,,0.767398,0.233705,0.457755
magma,,0.773695,0.236249,0.455289
magma,,0.779968,0.238851,0.452765
magma,,0.786212,0.241514,0.450184
magma,,0.792427,0.244242,0.447543
magma,,0.798608,0.24704,0.444848
magma,,0.804752,0.249911,0.442102
magma,,0.810855,0.252861,0.439305
magma,,0.816914,0.255895,0.436461
magma,,0.822926,0.259016,0.433573
magma,,0.828886,0.262229,0.430644
magma,,0.834791,0.26554,0.427671
magma,,0.840636,0.268953,0.424666
magma,,0.846416,0.272473,0.421631
magma,,0.852126,0.276106,0.418573
magma,,0.857763,0.279857,0.415496
magma,,0.86332,0.283729,0.412403
magma,,0.868793,0.287728,0.409303
magma,,0.874176,0.291859,0.406205
magma,,0.879464,0.296125,0.403118
magma,,0.884651,0.30053,0.400047
magma,,0.889731,0.305079,0.397002
magma,,0.8947,0.309773,0.393995
magma,,0.899552,0.314616,0.391037
magma,,0.904281,0.31961,0.388137
magma,,0.908884,0.324755,0.385308
magma,,0.913354,0.330052,0.382563
magma,,0.917689,0.3355,0.379915
magma,,0.921884,0.341098,0.377376
magma,,0.925937,0.346844,0.374959
magma,,0.929845,0.352734,0.372677
magma,,0.933606,0.358764,0.370541
magma,,0.937221,0.364929,0.368567
magma,,0.940687,0.371224,0.366762
magma,,0.944006,0.377643,0.365136
magma,,0.94718,0.384178,0.363701
magma,,0.95021,0.39082,0.362468
magma,,0.953099,0.397563,0.361438
magma,,0.955849,0.4044,0.360619
magma,,0.958464,0.411324,0.360014
magma,,0.960949,0.418323,0.35963
magma,,0.96331,0.42539,0.359469
magma,,0.965549,0.432519,0.359529
magma,,0.967671,0.439703,0.35981
magma,,0.96968,0.446936,0.360311
magma,,0.971582,0.45421,0.36103
magma,,0.973381,0.46152,0.361965
magma,,0.975082,0.468861,0.363111
magma,,0.97669,0.476226,0.364466
magma,,0.97821,0.483612,0.366025
magma,,0.979645,0.491014,0.367783
magma,,0.981,0.498428,0.369734
magma,,0.982279,0.505851,0.371874
magma,,0.983485,0.51328,0.374198
magma,,0.984622,0.520713,0.376698
magma,,0.985693,0.528148,0.379371
magma,,0.9867,0.535582,0.38221
magma,,0.987646,0.543015,0.38521
magma,,0.988533,0.550446,0.388365
magma,,0.989363,0.557873,0.391671
magma,,0.990138,0.565296,0.395122
magma,,0.990871,0.572706,0.398714
magma,,0.991558,0.580107,0.402441
magma,,0.992196,0.587502,0.406299
magma,,0.992785,0.594891,0.410283
magma,,0.993326,0.602275,0.41439
magma,,0.993834,0.609644,0.418613
magma,,0.994309,0.616999,0.42295
magma,,0.994738,0.62435,0.427397
magma,,0.995122,0.631696,0.431951
magma,,0.99548,0.639027,0.436607
magma,,0.99581,0.646344,0.441361
magma,,0.996096,0.653659,0.446213
magma,,0.996341,0.660969,0.45116
magma,,0.99658,0.668256,0.456192
magma,,0.996775,0.675541,0.461314
magma,,0.996925,0.682828,0.466526
magma,,0.997077,0.690088,0.471811
magma,,0.997186,0.697349,0.477182
magma,,0.997254,0.704611,0.482635
magma,,0.997325,0.711848,0.488154
magma,,0.997351,0.719089,0.493755
magma,,0.997351,0.726324,0.499428
magma,,0.997341,0.733545,0.505167
magma,,0.997285,0.740772,0.510983
magma,,0.997228,0.747981,0.516859
magma,,0.997138,0.75519,0.522806
magma,,0.997019,0.762398,0.528821
magma,,0.996898,0.769591,0.534892
magma,,0.996727,0.776795,0.541039
magma,,0.996571,0.783977,0.547233
magma,,0.996369,0.791167,0.553499
magma,,0.996162,0.798348,0.55982
magma,,0.995932,0.805527,0.566202
magma,,0.99568,0.812706,0.572645
magma,,0.995424,0.819875,0.57914
magma,,0.995131,0.827052,0.585701
magma,,0.994851,0.834213,0.592307
magma,,0.994524,0.841387,0.598983
magma,,0.994222,0.84854,0.605696
magma,,0.993866,0.855711,0.612482
magma,,0.993545,0.862859,0.619299
magma,,0.99317,0.870024,0.626189
magma,,0.992831,0.877168,0.633109
magma,,0.99244,0.88433,0.640099
magma,,0.992089,0.89147,0.647116
magma,,0.991688,0.898627,0.654202
magma,,0.991332,0.905763,0.661309
magma,,0.99093,0.912915,0.668481
magma,,0.99057,0.920049,0.675675
magma,,0.990175,0.927196,0.682926
magma,,0.989815,0.934329,0.690198
magma,,0.989434,0.94147,0.697519
magma,,0.989077,0.948604,0.704863
magma,,0.988717,0.955742,0.712242
magma,,0.988367,0.962878,0.719649
magma,,0.988033,0.970012,0.727077
magma,,0.987691,0.977154,0.734536
magma,,0.987387,0.984288,0.742002
magma,,0.987053,0.991438,0.749504
inferno,,0.001462,0.000466,0.013866
inferno,,0.002267,0.00127,0.01857
inferno,,0.003299,0.002249,0.024239
inferno,,0.004547,0.003392,0.030909
inferno,,0.006006,0.004692,0.038558
inferno,,0.007676,0.006136,0.046836
inferno,,0.009561,0.007713,0.055143
inferno,,0.011663,0.009417,0.06346
inferno,,0.013995,0.011225,0.071862
inferno,,0.016561,0.013136,0.080282
inferno,,0.019373,0.015133,0.088767
inferno,,0.022447,0.017199,0.097327
inferno,,0.025793,0.019331,0.10593
inferno,,0.029432,0.021503,0.114621
inferno,,0.033385,0.023702,0.123397
inferno,,0.037668,0.025921,0.132232
inferno,,0.042253,0.028139,0.141141
inferno,,0.046915,0.030324,0.150164
inferno,,0.051644,0.032474,0.159254
inferno,,0.056449,0.034569,0.168414
inferno,,0.06134,0.03659,0.177642
inferno,,0.066331,0.038504,0.186962
inferno,,0.071429,0.040294,0.196354
inferno,,0.076637,0.041905,0.205799
inferno,,0.081962,0.043328,0.215289
inferno,,0.087411,0.044556,0.224813
inferno,,0.09299,0.045583,0.234358
inferno,,0.098702,0.046402,0.243904
inferno,,0.104551,0.047008,0.25343
inferno,,0.110536,0.047399,0.262912
inferno,,0.116656,0.047574,0.272321
inferno,,0.122908,0.047536,0.281624
inferno,,0.129285,0.047293,0.290788
inferno,,0.135778,0.046856,0.299776
inferno,,0.142378,0.046242,0.308553
inferno,,0.149073,0.045468,0.317085
inferno,,0.15585,0.044559,0.325338
inferno,,0.162689,0.043554,0.333277
inferno,,0.169575,0.042489,0.340874
inferno,,0.176493,0.041402,0.348111
inferno,,0.183429,0.040329,0.354971
inferno,,0.190367,0.039309,0.361447
inferno,,0.197297,0.0384,0.367535
inferno,,0.204209,0.037632,0.373238
inferno,,0.211095,0.03703,0.378563
inferno,,0.217949,0.036615,0.383522
inferno,,0.224763,0.036405,0.388129
inferno,,0.231538,0.036405,0.3924
inferno,,0.238273,0.036621,0.396353
inferno,,0.244967,0.037055,0.400007
inferno,,0.25162,0.037705,0.403378
inferno,,0.258234,0.038571,0.406485
inferno,,0.26481,0.039647,0.409345
inferno,,0.271347,0.040922,0.411976
inferno,,0.27785,0.042353,0.414392
inferno,,0.284321,0.043933,0.416608
inferno,,0.290763,0.045644,0.418637
inferno,,0.297178,0.04747,0.420491
inferno,,0.303568,0.049396,0.422182
inferno,,0.309935,0.051407,0.423721
inferno,,0.316282,0.05349,0.425116
inferno,,0.32261,0.055634,0.426377
inferno,,0.328921,0.057827,0.427511
inferno,,0.335217,0.06006,0.428524
inferno,,0.3415,0.062325,0.429425
inferno,,0.347771,0.064616,0.430217
inferno,,0.354032,0.066925,0.430906
inferno,,0.360284,0.069247,0.431497
inferno,,0.366529,0.071579,0.431994
inferno,,0.372768,0.073915,0.4324
inferno,,0.379001,0.076253,0.432719
inferno,,0.385228,0.078591,0.432955
inferno,,0.391453,0.080927,0.433109
inferno,,0.397674,0.083257,0.433183
inferno,,0.403894,0.08558,0.433179
inferno,,0.410113,0.087896,0.433098
inferno,,0.416331,0.090203,0.432943
inferno,,0.422549,0.092501,0.432714
inferno,,0.428768,0.09479,0.432412
inferno,,0.434987,0.097069,0.432039
inferno,,0.441207,0.099338,0.431594
inferno,,0.447428,0.101597,0.43108
inferno,,0.453651,0.103848,0.430498
inferno,,0.459875,0.106089,0.429846
inferno,,0.4661,0.108322,0.429125
inferno,,0.472328,0.110547,0.428334
inferno,,0.478558,0.112764,0.427475
inferno,,0.484789,0.114974,0.426548
inferno,,0.491022,0.117179,0.425552
inferno,,0.497257,0.119379,0.424488
inferno,,0.503493,0.121575,0.423356
inferno,,0.50973,0.123769,0.422156
inferno,,0.515967,0.12596,0.420887
inferno,,0.522206,0.12815,0.419549
inferno,,0.528444,0.130341,0.418142
inferno,,0.534683,0.132534,0.416667
inferno,,0.54092,0.134729,0.415123
inferno,,0.547157,0.136929,0.413511
inferno,,0.553392,0.139134,0.411829
inferno,,0.559624,0.141346,0.410078
inferno,,0.565854,0.143567,0.408258
inferno,,0.572081,0.145797,0.406369
inferno,,0.578304,0.148039,0.404411
inferno,,0.584521,0.150294,0.402385
inferno,,0.590734,0.152563,0.40029
inferno,,0.59694,0.154848,0.398125
inferno,,0.603139,0.157151,0.395891
inferno,,0.60933,0.159474,0.393589
inferno,,0.615513,0.161817,0.391219
inferno,,0.621685,0.164184,0.388781
inferno,,0.627847,0.166575,0.386276
inferno,,0.633998,0.168992,0.383704
inferno,,0.640135,0.171438,0.381065
inferno,,0.64626,0.173914,0.378359
inferno,,0.652369,0.176421,0.375586
inferno,,0.658463,0.178962,0.372748
inferno,,0.66454,0.181539,0.369846
inferno,,0.670599,0.184153,0.366879
inferno,,0.676638,0.186807,0.363849
inferno,,0.682656,0.189501,0.360757
inferno,,0.688653,0.192239,0.357603
inferno,,0.694627,0.195021,0.354388
inferno,,0.700576,0.197851,0.351113
inferno,,0.7065,0.200728,0.347777
inferno,,0.712396,0.203656,0.344383
inferno,,0.718264,0.206636,0.340931
inferno,,0.724103,0.20967,0.337424
inferno,,0.729909,0.212759,0.333861
inferno,,0.735683,0.215906,0.330245
inferno,,0.741423,0.219112,0.326576
inferno,,0.747127,0.222378,0.322856
inferno,,0.752794,0.225706,0.319085
inferno,,0.758422,0.229097,0.315266
inferno,,0.76401,0.232554,0.311399
inferno,,0.769556,0.236077,0.307485
inferno,,0.775059,0.239667,0.303526
inferno,,0.780517,0.243327,0.299523
inferno,,0.785929,0.247056,0.295477
inferno,,0.791293,0.250856,0.29139
inferno,,0.796607,0.254728,0.287264
inferno,,0.801871,0.258674,0.283099
inferno,,0.807082,0.262692,0.278898
inferno,,0.812239,0.266786,0.274661
inferno,,0.817341,0.270954,0.27039
inferno,,0.822386,0.275197,0.266085
inferno,,0.827372,0.279517,0.26175
inferno,,0.832299,0.283913,0.257383
inferno,,0.837165,0.288385,0.252988
inferno,,0.841969,0.292933,0.248564
inferno,,0.846709,0.297559,0.244113
inferno,,0.851384,0.30226,0.239636
inferno,,0.855992,0.307038,0.235133
inferno,,0.860533,0.311892,0.230606
inferno,,0.865006,0.316822,0.226055
inferno,,0.869409,0.321827,0.221482
inferno,,0.873741,0.326906,0.216886
inferno,,0.878001,0.33206,0.212268
inferno,,0.882188,0.337287,0.207628
inferno,,0.886302,0.342586,0.202968
inferno,,0.890341,0.347957,0.198286
inferno,,0.894305,0.353399,0.193584
inferno,,0.898192,0.358911,0.18886
inferno,,0.902003,0.364492,0.184116
inferno,,0.905735,0.37014,0.17935
inferno,,0.90939,0.375856,0.174563
inferno,,0.912966,0.381636,0.169755
inferno,,0.916462,0.387481,0.164924
inferno,,0.919879,0.393389,0.16007
inferno,,0.923215,0.399359,0.155193
inferno,,0.92647,0.405389,0.150292
inferno,,0.929644,0.411479,0.145367
inferno,,0.932737,0.417627,0.140417
inferno,,0.935747,0.423831,0.13544
inferno,,0.938675,0.430091,0.130438
inferno,,0.941521,0.436405,0.125409
inferno,,0.944285,0.442772,0.120354
inferno,,0.946965,0.449191,0.115272
inferno,,0.949562,0.45566,0.110164
inferno,,0.952075,0.462178,0.105031
inferno,,0.954506,0.468744,0.099874
inferno,,0.956852,0.475356,0.094695
inferno,,0.959114,0.482014,0.089499
inferno,,0.961293,0.488716,0.084289
inferno,,0.963387,0.495462,0.079073
inferno,,0.965397,0.502249,0.073859
inferno,,0.967322,0.509078,0.068659
inferno,,0.969163,0.515946,0.063488
inferno,,0.970919,0.522853,0.058367
inferno,,0.97259,0.529798,0.053324
inferno,,0.974176,0.53678,0.048392
inferno,,0.975677,0.543798,0.043618
inferno,,0.977092,0.55085,0.03905
inferno,,0.978422,0.557937,0.034931
inferno,,0.979666,0.565057,0.031409
inferno,,0.980824,0.572209,0.028508
inferno,,0.981895,0.579392,0.02625
inferno,,0.982881,0.586606,0.024661
inferno,,0.983779,0.593849,0.02377
inferno,,0.984591,0.601122,0.023606
inferno,,0.985315,0.608422,0.024202
inferno,,0.985952,0.61575,0.025592
inferno,,0.986502,0.623105,0.027814
inferno,,0.986964,0.630485,0.030908
inferno,,0.987337,0.63789,0.034916
inferno,,0.987622,0.64532,0.039886
inferno,,0.987819,0.652773,0.045581
inferno,,0.987926,0.66025,0.05175
inferno,,0.987945,0.667748,0.058329
inferno,,0.987874,0.675267,0.065257
inferno,,0.987714,0.682807,0.072489
inferno,,0.987464,0.690366,0.07999
inferno,,0.987124,0.697944,0.087731
inferno,,0.986694,0.70554,0.095694
inferno,,0.986175,0.713153,0.103863
inferno,,0.985566,0.720782,0.112229
inferno,,0.984865,0.728427,0.120785
inferno,,0.984075,0.736087,0.129527
inferno,,0.983196,0.743758,0.138453
inferno,,0.982228,0.751442,0.147565
inferno,,0.981173,0.759135,0.156863
inferno,,0.980032,0.766837,0.166353
inferno,,0.978806,0.774545,0.176037
inferno,,0.977497,0.782258,0.185923
inferno,,0.976108,0.789974,0.196018
inferno,,0.974638,0.797692,0.206332
inferno,,0.973088,0.805409,0.216877
inferno,,0.971468,0.813122,0.227658
inferno,,0.969783,0.820825,0.238686
inferno,,0.968041,0.828515,0.249972
inferno,,0.966243,0.836191,0.261534
inferno,,0.964394,0.843848,0.273391
inferno,,0.962517,0.851476,0.285546
inferno,,0.960626,0.859069,0.29801
inferno,,0.95872,0.866624,0.31082
inferno,,0.956834,0.874129,0.323974
inferno,,0.954997,0.881569,0.337475
inferno,,0.953215,0.888942,0.351369
inferno,,0.951546,0.896226,0.365627
inferno,,0.950018,0.903409,0.380271
inferno,,0.948683,0.910473,0.395289
inferno,,0.947594,0.917399,0.410665
inferno,,0.946809,0.924168,0.426373
inferno,,0.946392,0.930761,0.442367
inferno,,0.946403,0.937159,0.458592
inferno,,0.946903,0.943348,0.47497
inferno,,0.947937,0.949318,0.491426
inferno,,0.949545,0.955063,0.50786
inferno,,0.95174,0.960587,0.524203
inferno,,0.954529,0.965896,0.540361
inferno,,0.957896,0.971003,0.556275
inferno,,0.961812,0.975924,0.571925
inferno,,0.966249,0.980678,0.587206
inferno,,0.971162,0.985282,0.602154
inferno,,0.976511,0.989753,0.61676
inferno,,0.982257,0.994109,0.631017
inferno,,0.988362,0.998364,0.644924
plasma,,0.050383,0.029803,0.527975
plasma,,0.063536,0.028426,0.533124
plasma,,0.075353,0.027206,0.538007
plasma,,0.086222,0.026125,0.542658
plasma,,0.096379,0.025165,0.547103
plasma,,0.10598,0.024309,0.551368
plasma,,0.115124,0.023556,0.555468
plasma,,0.123903,0.022878,0.559423
plasma,,0.132381,0.022258,0.56325
plasma,,0.140603,0.021687,0.566959
plasma,,0.148607,0.021154,0.570562
plasma,,0.156421,0.020651,0.574065
plasma,,0.16407,0.020171,0.577478
plasma,,0.171574,0.019706,0.580806
plasma,,0.17895,0.019252,0.584054
plasma,,0.186213,0.018803,0.587228
plasma,,0.193374,0.018354,0.59033
plasma,,0.200445,0.017902,0.593364
plasma,,0.207435,0.017442,0.596333
plasma,,0.21435,0.016973,0.599239
plasma,,0.221197,0.016497,0.602083
plasma,,0.227983,0.016007,0.604867
plasma,,0.234715,0.015502,0.607592
plasma,,0.241396,0.014979,0.610259
plasma,,0.248032,0.014439,0.612868
plasma,,0.254627,0.013882,0.615419
plasma,,0.261183,0.013308,0.617911
plasma,,0.267703,0.012716,0.620346
plasma,,0.274191,0.012109,0.622722
plasma,,0.280648,0.011488,0.625038
plasma,,0.287076,0.010855,0.627295
plasma,,0.293478,0.010213,0.62949
plasma,,0.299855,0.009561,0.631624
plasma,,0.30621,0.008902,0.633694
plasma,,0.312543,0.008239,0.6357
plasma,,0.318856,0.007576,0.63764
plasma,,0.32515,0.006915,0.639512
plasma,,0.331426,0.006261,0.641316
plasma,,0.337683,0.005618,0.643049
plasma,,0.343925,0.004991,0.64471
plasma,,0.35015,0.004382,0.646298
plasma,,0.356359,0.003798,0.64781
plasma,,0.362553,0.003243,0.649245
plasma,,0.368733,0.002724,0.650601
plasma,,0.374897,0.002245,0.651876
plasma,,0.381047,0.001814,0.653068
plasma,,0.387183,0.001434,0.654177
plasma,,0.393304,0.001114,0.655199
plasma,,0.399411,0.000859,0.656133
plasma,,0.405503,0.000678,0.656977
plasma,,0.41158,0.000577,0.65773
plasma,,0.417642,0.000564,0.65839
plasma,,0.423689,0.000646,0.658956
plasma,,0.429719,0.000831,0.659425
plasma,,0.435734,0.001127,0.659797
plasma,,0.441732,0.00154,0.660069
plasma,,0.447714,0.00208,0.66024
plasma,,0.453677,0.002755,0.66031
plasma,,0.459623,0.003574,0.660277
plasma,,0.46555,0.004545,0.660139
plasma,,0.471457,0.005678,0.659897
plasma,,0.477344,0.00698,0.659549
plasma,,0.48321,0.00846,0.659095
plasma,,0.489055,0.010127,0.658534
plasma,,0.494877,0.01199,0.657865
plasma,,0.500678,0.014055,0.657088
plasma,,0.506454,0.016333,0.656202
plasma,,0.512206,0.018833,0.655209
plasma,,0.517933,0.021563,0.654109
plasma,,0.523633,0.024532,0.652901
plasma,,0.529306,0.027747,0.651586
plasma,,0.534952,0.031217,0.650165
plasma,,0.54057,0.03495,0.64864
plasma,,0.546157,0.038954,0.64701
plasma,,0.551715,0.043136,0.645277
plasma,,0.557243,0.047331,0.643443
plasma,,0.562738,0.051545,0.641509
plasma,,0.568201,0.055778,0.639477
plasma,,0.573632,0.060028,0.637349
plasma,,0.579029,0.064296,0.635126
plasma,,0.584391,0.068579,0.632812
plasma,,0.589719,0.072878,0.630408
plasma,,0.595011,0.07719,0.627917
plasma,,0.600266,0.081516,0.625342
plasma,,0.605485,0.085854,0.622686
plasma,,0.610667,0.090204,0.619951
plasma,,0.615812,0.094564,0.61714
plasma,,0.620919,0.098934,0.614257
plasma,,0.625987,0.103312,0.611305
plasma,,0.631017,0.107699,0.608287
plasma,,0.636008,0.112092,0.605205
plasma,,0.640959,0.116492,0.602065
plasma,,0.645872,0.120898,0.598867
plasma,,0.650746,0.125309,0.595617
plasma,,0.65558,0.129725,0.592317
plasma,,0.660374,0.134144,0.588971
plasma,,0.665129,0.138566,0.585582
plasma,,0.669845,0.142992,0.582154
plasma,,0.674522,0.147419,0.578688
plasma,,0.67916,0.151848,0.575189
plasma,,0.683758,0.156278,0.57166
plasma,,0.688318,0.160709,0.568103
plasma,,0.69284,0.165141,0.564522
plasma,,0.697324,0.169573,0.560919
plasma,,0.701769,0.174005,0.557296
plasma,,0.706178,0.178437,0.553657
plasma,,0.710549,0.182868,0.550004
plasma,,0.714883,0.187299,0.546338
plasma,,0.719181,0.191729,0.542663
plasma,,0.723444,0.196158,0.538981
plasma,,0.72767,0.200586,0.535293
plasma,,0.731862,0.205013,0.531601
plasma,,0.736019,0.209439,0.527908
plasma,,0.740143,0.213864,0.524216
plasma,,0.744232,0.218288,0.520524
plasma,,0.748289,0.222711,0.516834
plasma,,0.752312,0.227133,0.513149
plasma,,0.756304,0.231555,0.509468
plasma,,0.760264,0.235976,0.505794
plasma,,0.764193,0.240396,0.502126
plasma,,0.76809,0.244817,0.498465
plasma,,0.771958,0.249237,0.494813
plasma,,0.775796,0.253658,0.491171
plasma,,0.779604,0.258078,0.487539
plasma,,0.783383,0.2625,0.483918
plasma,,0.787133,0.266922,0.480307
plasma,,0.790855,0.271345,0.476706
plasma,,0.794549,0.27577,0.473117
plasma,,0.798216,0.280197,0.469538
plasma,,0.801855,0.284626,0.465971
plasma,,0.805467,0.289057,0.462415
plasma,,0.809052,0.293491,0.45887
plasma,,0.812612,0.297928,0.455338
plasma,,0.816144,0.302368,0.451816
plasma,,0.819651,0.306812,0.448306
plasma,,0.823132,0.311261,0.444806
plasma,,0.826588,0.315714,0.441316
plasma,,0.830018,0.320172,0.437836
plasma,,0.833422,0.324635,0.434366
plasma,,0.836801,0.329105,0.430905
plasma,,0.840155,0.33358,0.427455
plasma,,0.843484,0.338062,0.424013
plasma,,0.846788,0.342551,0.420579
plasma,,0.850066,0.347048,0.417153
plasma,,0.853319,0.351553,0.413734
plasma,,0.856547,0.356066,0.410322
plasma,,0.85975,0.360588,0.406917
plasma,,0.862927,0.365119,0.403519
plasma,,0.866078,0.36966,0.400126
plasma,,0.869203,0.374212,0.396738
plasma,,0.872303,0.378774,0.393355
plasma,,0.875376,0.383347,0.389976
plasma,,0.878423,0.387932,0.3866
plasma,,0.881443,0.392529,0.383229
plasma,,0.884436,0.397139,0.37986
plasma,,0.887402,0.401762,0.376494
plasma,,0.89034,0.406398,0.37313
plasma,,0.89325,0.411048,0.369768
plasma,,0.896131,0.415712,0.366407
plasma,,0.898984,0.420392,0.363047
plasma,,0.901807,0.425087,0.359688
plasma,,0.904601,0.429797,0.356329
plasma,,0.907365,0.434524,0.35297
plasma,,0.910098,0.439268,0.34961
plasma,,0.9128,0.444029,0.346251
plasma,,0.915471,0.448807,0.34289
plasma,,0.918109,0.453603,0.339529
plasma,,0.920714,0.458417,0.336166
plasma,,0.923287,0.463251,0.332801
plasma,,0.925825,0.468103,0.329435
plasma,,0.928329,0.472975,0.326067
plasma,,0.930798,0.477867,0.322697
plasma,,0.933232,0.48278,0.319325
plasma,,0.93563,0.487712,0.315952
plasma,,0.93799,0.492667,0.312575
plasma,,0.940313,0.497642,0.309197
plasma,,0.942598,0.502639,0.305816
plasma,,0.944844,0.507658,0.302433
plasma,,0.947051,0.512699,0.299049
plasma,,0.949217,0.517763,0.295662
plasma,,0.951344,0.52285,0.292275
plasma,,0.953428,0.52796,0.288883
plasma,,0.95547,0.533093,0.28549
plasma,,0.957469,0.53825,0.282096
plasma,,0.959424,0.543431,0.278701
plasma,,0.961336,0.548636,0.275305
plasma,,0.963203,0.553865,0.271909
plasma,,0.965024,0.559118,0.268513
plasma,,0.966798,0.564396,0.265118
plasma,,0.968526,0.5697,0.261721
plasma,,0.970205,0.575028,0.258325
plasma,,0.971835,0.580382,0.254931
plasma,,0.973416,0.585761,0.25154
plasma,,0.974947,0.591165,0.248151
plasma,,0.976428,0.596595,0.244767
plasma,,0.977856,0.602051,0.241387
plasma,,0.979233,0.607532,0.238013
plasma,,0.980556,0.613039,0.234646
plasma,,0.981826,0.618572,0.231287
plasma,,0.983041,0.624131,0.227937
plasma,,0.984199,0.629718,0.224595
plasma,,0.985301,0.63533,0.221265
plasma,,0.986345,0.640969,0.217948
plasma,,0.987332,0.646633,0.214648
plasma,,0.98826,0.652325,0.211364
plasma,,0.989128,0.658043,0.2081
plasma,,0.989935,0.663787,0.204859
plasma,,0.990681,0.669558,0.201642
plasma,,0.991365,0.675355,0.198453
plasma,,0.991985,0.681179,0.195295
plasma,,0.992541,0.68703,0.19217
plasma,,0.993032,0.692907,0.189084
plasma,,0.993456,0.69881,0.186041
plasma,,0.993814,0.704741,0.183043
plasma,,0.994103,0.710698,0.180097
plasma,,0.994324,0.716681,0.177208
plasma,,0.994474,0.722691,0.174381
plasma,,0.994553,0.728728,0.171622
plasma,,0.994561,0.734791,0.168938
plasma,,0.994495,0.74088,0.166335
plasma,,0.994355,0.746995,0.163821
plasma,,0.994141,0.753137,0.161404
plasma,,0.993851,0.759304,0.159092
plasma,,0.993482,0.765499,0.156891
plasma,,0.993033,0.77172,0.154808
plasma,,0.992505,0.777967,0.152855
plasma,,0.991897,0.784239,0.151042
plasma,,0.991209,0.790537,0.149377
plasma,,0.990439,0.796859,0.14787
plasma,,0.989587,0.803205,0.146529
plasma,,0.988648,0.809579,0.145357
plasma,,0.987621,0.815978,0.144363
plasma,,0.986509,0.822401,0.143557
plasma,,0.985314,0.828846,0.142945
plasma,,0.984031,0.835315,0.142528
plasma,,0.982653,0.841812,0.142303
plasma,,0.98119,0.848329,0.142279
plasma,,0.979644,0.854866,0.142453
plasma,,0.977995,0.861432,0.142808
plasma,,0.976265,0.868016,0.143351
plasma,,0.974443,0.874622,0.144061
plasma,,0.97253,0.88125,0.144923
plasma,,0.970533,0.887896,0.145919
plasma,,0.968443,0.894564,0.147014
plasma,,0.966271,0.901249,0.14818
plasma,,0.964021,0.90795,0.14937
plasma,,0.961681,0.914672,0.15052
plasma,,0.959276,0.921407,0.151566
plasma,,0.956808,0.928152,0.152409
plasma,,0.954287,0.934908,0.152921
plasma,,0.951726,0.941671,0.152925
plasma,,0.949151,0.948435,0.152178
plasma,,0.946602,0.95519,0.150328
plasma,,0.944152,0.961916,0.146861
plasma,,0.941896,0.96859,0.140956
plasma,,0.940015,0.975158,0.131326
viridis,,0.267004,0.004874,0.329415
viridis,,0.26851,0.009605,0.335427
viridis,,0.269944,0.014625,0.341379
viridis,,0.271305,0.019942,0.347269
viridis,,0.272594,0.025563,0.353093
viridis,,0.273809,0.031497,0.358853
viridis,,0.274952,0.037752,0.364543
viridis,,0.276022,0.044167,0.370164
viridis,,0.277018,0.050344,0.375715
viridis,,0.277941,0.056324,0.381191
viridis,,0.278791,0.062145,0.386592
viridis,,0.279566,0.067836,0.391917
viridis,,0.280267,0.073417,0.397163
viridis,,0.280894,0.078907,0.402329
viridis,,0.281446,0.08432,0.407414
viridis,,0.281924,0.089666,0.412415
viridis,,0.282327,0.094955,0.417331
viridis,,0.282656,0.100196,0.42216
viridis,,0.28291,0.105393,0.426902
viridis,,0.283091,0.110553,0.431554
viridis,,0.283197,0.11568,0.436115
viridis,,0.283229,0.120777,0.440584
viridis,,0.283187,0.125848,0.44496
viridis,,0.283072,0.130895,0.449241
viridis,,0.282884,0.13592,0.453427
viridis,,0.282623,0.140926,0.457517
viridis,,0.28229,0.145912,0.46151
viridis,,0.281887,0.150881,0.465405
viridis,,0.281412,0.155834,0.469201
viridis,,0.280868,0.160771,0.472899
viridis,,0.280255,0.165693,0.476498
viridis,,0.279574,0.170599,0.479997
viridis,,0.278826,0.17549,0.483397
viridis,,0.278012,0.180367,0.486697
viridis,,0.277134,0.185228,0.489898
viridis,,0.276194,0.190074,0.493001
viridis,,0.275191,0.194905,0.496005
viridis,,0.274128,0.199721,0.498911
viridis,,0.273006,0.20452,0.501721
viridis,,0.271828,0.209303,0.504434
viridis,,0.270595,0.214069,0.507052
viridis,,0.269308,0.218818,0.509577
viridis,,0.267968,0.223549,0.512008
viridis,,0.26658,0.228262,0.514349
viridis,,0.265145,0.232956,0.516599
viridis,,0.263663,0.237631,0.518762
viridis,,0.262138,0.242286,0.520837
viridis,,0.260571,0.246922,0.522828
viridis,,0.258965,0.251537,0.524736
viridis,,0.257322,0.25613,0.526563
viridis,,0.255645,0.260703,0.528312
viridis,,0.253935,0.265254,0.529983
viridis,,0.252194,0.269783,0.531579
viridis,,0.250425,0.27429,0.533103
viridis,,0.248629,0.278775,0.534556
viridis,,0.246811,0.283237,0.535941
viridis,,0.244972,0.287675,0.53726
viridis,,0.243113,0.292092,0.538516
viridis,,0.241237,0.296485,0.539709
viridis,,0.239346,0.300855,0.540844
viridis,,0.237441,0.305202,0.541921
viridis,,0.235526,0.309527,0.542944
viridis,,0.233603,0.313828,0.543914
viridis,,0.231674,0.318106,0.544834
viridis,,0.229739,0.322361,0.545706
viridis,,0.227802,0.326594,0.546532
viridis,,0.225863,0.330805,0.547314
viridis,,0.223925,0.334994,0.548053
viridis,,0.221989,0.339161,0.548752
viridis,,0.220057,0.343307,0.549413
viridis,,0.21813,0.347432,0.550038
viridis,,0.21621,0.351535,0.550627
viridis,,0.214298,0.355619,0.551184
viridis,,0.212395,0.359683,0.55171
viridis,,0.210503,0.363727,0.552206
viridis,,0.208623,0.367752,0.552675
viridis,,0.206756,0.371758,0.553117
viridis,,0.204903,0.375746,0.553533
viridis,,0.203063,0.379716,0.553925
viridis,,0.201239,0.38367,0.554294
viridis,,0.19943,0.387607,0.554642
viridis,,0.197636,0.391528,0.554969
viridis,,0.19586,0.395433,0.555276
viridis,,0.1941,0.399323,0.555565
viridis,,0.192357,0.403199,0.555836
viridis,,0.190631,0.407061,0.556089
viridis,,0.188923,0.41091,0.556326
viridis,,0.187231,0.414746,0.556547
viridis,,0.185556,0.41857,0.556753
viridis,,0.183898,0.422383,0.556944
viridis,,0.182256,0.426184,0.55712
viridis,,0.180629,0.429975,0.557282
viridis,,0.179019,0.433756,0.55743
viridis,,0.177423,0.437527,0.557565
viridis,,0.175841,0.44129,0.557685
viridis,,0.174274,0.445044,0.557792
viridis,,0.172719,0.448791,0.557885
viridis,,0.171176,0.45253,0.557965
viridis,,0.169646,0.456262,0.55803
viridis,,0.168126,0.459988,0.558082
viridis,,0.166617,0.463708,0.558119
viridis,,0.165117,0.467423,0.558141
viridis,,0.163625,0.471133,0.558148
viridis,,0.162142,0.474838,0.55814
viridis,,0.160665,0.47854,0.558115
viridis,,0.159194,0.482237,0.558073
viridis,,0.157729,0.485932,0.558013
viridis,,0.15627,0.489624,0.557936
viridis,,0.154815,0.493313,0.55784
viridis,,0.153364,0.497,0.557724
viridis,,0.151918,0.500685,0.557587
viridis,,0.150476,0.504369,0.55743
viridis,,0.149039,0.508051,0.55725
viridis,,0.147607,0.511733,0.557049
viridis,,0.14618,0.515413,0.556823
viridis,,0.144759,0.519093,0.556572
viridis,,0.143343,0.522773,0.556295
viridis,,0.141935,0.526453,0.555991
viridis,,0.140536,0.530132,0.555659
viridis,,0.139147,0.533812,0.555298
viridis,,0.13777,0.537492,0.554906
viridis,,0.136408,0.541173,0.554483
viridis,,0.135066,0.544853,0.554029
viridis,,0.133743,0.548535,0.553541
viridis,,0.132444,0.552216,0.553018
viridis,,0.131172,0.555899,0.552459
viridis,,0.129933,0.559582,0.551864
viridis,,0.128729,0.563265,0.551229
viridis,,0.127568,0.566949,0.550556
viridis,,0.126453,0.570633,0.549841
viridis,,0.125394,0.574318,0.549086
viridis,,0.124395,0.578002,0.548287
viridis,,0.123463,0.581687,0.547445
viridis,,0.122606,0.585371,0.546557
viridis,,0.121831,0.589055,0.545623
viridis,,0.121148,0.592739,0.544641
viridis,,0.120565,0.596422,0.543611
viridis,,0.120092,0.600104,0.54253
viridis,,0.119738,0.603785,0.5414
viridis,,0.119512,0.607464,0.540218
viridis,,0.119423,0.611141,0.538982
viridis,,0.119483,0.614817,0.537692
viridis,,0.119699,0.61849,0.536347
viridis,,0.120081,0.622161,0.534946
viridis,,0.120638,0.625828,0.533488
viridis,,0.12138,0.629492,0.531973
viridis,,0.122312,0.633153,0.530398
viridis,,0.123444,0.636809,0.528763
viridis,,0.12478,0.640461,0.527068
viridis,,0.126326,0.644107,0.525311
viridis,,0.128087,0.647749,0.523491
viridis,,0.130067,0.651384,0.521608
viridis,,0.132268,0.655014,0.519661
viridis,,0.134692,0.658636,0.517649
viridis,,0.137339,0.662252,0.515571
viridis,,0.14021,0.665859,0.513427
viridis,,0.143303,0.669459,0.511215
viridis,,0.146616,0.67305,0.508936
viridis,,0.150148,0.676631,0.506589
viridis,,0.153894,0.680203,0.504172
viridis,,0.157851,0.683765,0.501686
viridis,,0.162016,0.687316,0.499129
viridis,,0.166383,0.690856,0.496502
viridis,,0.170948,0.694384,0.493803
viridis,,0.175707,0.6979,0.491033
viridis,,0.180653,0.701402,0.488189
viridis,,0.185783,0.704891,0.485273
viridis,,0.19109,0.708366,0.482284
viridis,,0.196571,0.711827,0.479221
viridis,,0.202219,0.715272,0.476084
viridis,,0.20803,0.718701,0.472873
viridis,,0.214,0.722114,0.469588
viridis,,0.220124,0.725509,0.466226
viridis,,0.226397,0.728888,0.462789
viridis,,0.232815,0.732247,0.459277
viridis,,0.239374,0.735588,0.455688
viridis,,0.24607,0.73891,0.452024
viridis,,0.252899,0.742211,0.448284
viridis,,0.259857,0.745492,0.444467
viridis,,0.266941,0.748751,0.440573
viridis,,0.274149,0.751988,0.436601
viridis,,0.281477,0.755203,0.432552
viridis,,0.288921,0.758394,0.428426
viridis,,0.296479,0.761561,0.424223
viridis,,0.304148,0.764704,0.419943
viridis,,0.311925,0.767822,0.415586
viridis,,0.319809,0.770914,0.411152
viridis,,0.327796,0.77398,0.40664
viridis,,0.335885,0.777018,0.402049
viridis,,0.344074,0.780029,0.397381
viridis,,0.35236,0.783011,0.392636
viridis,,0.360741,0.785964,0.387814
viridis,,0.369214,0.788888,0.382914
viridis,,0.377779,0.791781,0.377939
viridis,,0.386433,0.794644,0.372886
viridis,,0.395174,0.797475,0.367757
viridis,,0.404001,0.800275,0.362552
viridis,,0.412913,0.803041,0.357269
viridis,,0.421908,0.805774,0.35191
viridis,,0.430983,0.808473,0.346476
viridis,,0.440137,0.811138,0.340967
viridis,,0.449368,0.813768,0.335384
viridis,,0.458674,0.816363,0.329727
viridis,,0.468053,0.818921,0.323998
viridis,,0.477504,0.821444,0.318195
viridis,,0.487026,0.823929,0.312321
viridis,,0.496615,0.826376,0.306377
viridis,,0.506271,0.828786,0.300362
viridis,,0.515992,0.831158,0.294279
viridis,,0.525776,0.833491,0.288127
viridis,,0.535621,0.835785,0.281908
viridis,,0.545524,0.838039,0.275626
viridis,,0.555484,0.840254,0.269281
viridis,,0.565498,0.84243,0.262877
viridis,,0.575563,0.844566,0.256415
viridis,,0.585678,0.846661,0.249897
viridis,,0.595839,0.848717,0.243329
viridis,,0.606045,0.850733,0.236712
viridis,,0.616293,0.852709,0.230052
viridis,,0.626579,0.854645,0.223353
viridis,,0.636902,0.856542,0.21662
viridis,,0.647257,0.8584,0.209861
viridis,,0.657642,0.860219,0.203082
viridis,,0.668054,0.861999,0.196293
viridis,,0.678489,0.863742,0.189503
viridis,,0.688944,0.865448,0.182725
viridis,,0.699415,0.867117,0.175971
viridis,,0.709898,0.868751,0.169257
viridis,,0.720391,0.87035,0.162603
viridis,,0.730889,0.871916,0.156029
viridis,,0.741388,0.873449,0.149561
viridis,,0.751884,0.874951,0.143228
viridis,,0.762373,0.876424,0.137064
viridis,,0.772852,0.877868,0.131109
viridis,,0.783315,0.879285,0.125405
viridis,,0.79376,0.880678,0.120005
viridis,,0.804182,0.882046,0.114965
viridis,,0.814576,0.883393,0.110347
viridis,,0.82494,0.88472,0.106217
viridis,,0.83527,0.886029,0.102646
viridis,,0.845561,0.887322,0.099702
viridis,,0.85581,0.888601,0.097452
viridis,,0.866013,0.889868,0.095953
viridis,,0.876168,0.891125,0.09525
viridis,,0.886271,0.892374,0.095374
viridis,,0.89632,0.893616,0.096335
viridis,,0.906311,0.894855,0.098125
viridis,,0.916242,0.896091,0.100717
viridis,,0.926106,0.89733,0.104071
viridis,,0.935904,0.89857,0.108131
viridis,,0.945636,0.899815,0.112838
viridis,,0.9553,0.901065,0.118128
viridis,,0.964894,0.902323,0.123941
viridis,,0.974417,0.90359,0.130215
viridis,,0.983868,0.904867,0.136897
viridis,,0.993248,0.906157,0.143936
glasbey,,0,0,255
glasbey,,255,0,0
glasbey,,0,255,0
glasbey,,0,0,51
glasbey,,255,0,182
glasbey,,0,83,0
glasbey,,255,211,0
glasbey,,0,159,255
glasbey,,154,77,66
glasbey,,0,255,190
glasbey,,120,63,193
glasbey,,31,150,152
glasbey,,255,172,253
glasbey,,177,204,113
glasbey,,241,8,92
glasbey,,254,143,66
glasbey,,221,0,255
glasbey,,32,26,1
glasbey,,114,0,85
glasbey,,118,108,149
glasbey,,2,173,36
glasbey,,200,255,0
glasbey,,136,108,0
glasbey,,255,183,159
glasbey,,133,133,103
glasbey,,161,3,0
glasbey,,20,249,255
glasbey,,0,71,158
glasbey,,220,94,147
glasbey,,147,212,255
glasbey,,0,76,255
glasbey,,242,243,24
stepped,,350,0.9,0.6
stepped,,350,0.65,0.7
stepped,,350,0.4,0.8
stepped,,350,0.2,0.9
stepped,,35,0.9,0.6
stepped,,35,0.65,0.7
stepped,,35,0.4,0.8
stepped,,35,0.2,0.9
stepped,,90,0.9,0.6
stepped,,90,0.65,0.7
stepped,,90,0.4,0.8
stepped,,90,0.2,0.9
stepped,,190,0.9,0.6
stepped,,190,0.65,0.7
stepped,,190,0.4,0.8
stepped,,190,0.2,0.9
stepped,,260,0.9,0.6
stepped,,260,0.65,0.7
stepped,,260,0.4,0.8
stepped,,260,0.2,0.9
stepped,,0,0,0.2
stepped,,0,0,0.4
stepped,,0,0,0.6
stepped,,0,0,0.8
coolwarm,,59,76,192
coolwarm,,68,90,204
coolwarm,,77,104,215
coolwarm,,87,117,225
coolwarm,,98,130,234
coolwarm,,108,142,241
coolwarm,,119,154,247
coolwarm,,130,165,251
coolwarm,,141,176,254
coolwarm,,152,185,255
coolwarm,,163,194,255
coolwarm,,174,201,253
coolwarm,,184,208,249
coolwarm,,194,213,244
coolwarm,,204,217,238
coolwarm,,213,219,230
coolwarm,,221,221,221
coolwarm,,229,216,209
coolwarm,,236,211,197
coolwarm,,241,204,185
coolwarm,,245,196,173
coolwarm,,247,187,160
coolwarm,,247,177,148
coolwarm,,247,166,135
coolwarm,,244,154,123
coolwarm,,241,141,111
coolwarm,,236,127,99
coolwarm,,229,112,88
coolwarm,,222,96,77
coolwarm,,213,80,66
coolwarm,,203,62,56
coolwarm,,192,40,47
coolwarm,,180,4,38
tol,1,68,119,170
tol,2,68,119,170
tol,2,204,102,119
tol,3,68,119,170
tol,3,221,204,119
tol,3,204,102,119
tol,4,68,119,170
tol,4,17,119,51
tol,4,221,204,119
tol,4,204,102,119
tol,5,51,34,136
tol,5,136,204,238
tol,5,17,119,51
tol,5,221,204,119
tol,5,204,102,119
tol,6,51,34,136
tol,6,136,204,238
tol,6,17,119,51
tol,6,221,204,119
tol,6,204,102,119
tol,6,170,68,153
tol,7,51,34,136
tol,7,136,204,238
tol,7,68,170,153
tol,7,17,119,51
tol,7,221,204,119
tol,7,204,102,119
tol,7,170,68,153
tol,8,51,34,136
tol,8,136,204,238
tol,8,68,170,153
tol,8,17,119,51
tol,8,153,153,51
tol,8,221,204,119
tol,8,204,102,119
tol,8,170,68,153
tol,9,51,34,136
tol,9,136,204,238
tol,9,68,170,153
tol,9,17,119,51
tol,9,153,153,51
tol,9,221,204,119
tol,9,204,102,119
tol,9,136,34,85
tol,9,170,68,153
tol,10,51,34,136
tol,10,136,204,238
tol,10,68,170,153
tol,10,17,119,51
tol,10,153,153,51
tol,10,221,204,119
tol,10,102,17,0
tol,10,204,102,119
tol,10,136,34,85
tol,10,170,68,153
tol,11,51,34,136
tol,11,102,153,204
tol,11,136,204,238
tol,11,68,170,153
tol,11,17,119,51
tol,11,153,153,51
tol,11,221,204,119
tol,11,102,17,0
tol,11,204,102,119
tol,11,136,34,85
tol,11,170,68,153
tol,12,51,34,136
tol,12,102,153,204
tol,12,136,204,238
tol,12,68,170,153
tol,12,17,119,51
tol,12,153,153,51
tol,12,221,204,119
tol,12,102,17,0
tol,12,204,102,119
tol,12,170,68,102
tol,12,136,34,85
tol,12,170,68,153
cubicyf, ,0.5151,0.0482,0.6697
cubicyf, ,0.5199,0.1762,0.8083
cubicyf, ,0.4884,0.2912,0.9234
cubicyf, ,0.4297,0.3855,0.9921
cubicyf, ,0.3893,0.4792,0.9775
cubicyf, ,0.3337,0.565,0.9056
cubicyf, ,0.2795,0.6419,0.8287
cubicyf, ,0.221,0.7123,0.7258
cubicyf, ,0.2468,0.7612,0.6248
cubicyf, ,0.2833,0.8125,0.5069
cubicyf, ,0.3198,0.8492,0.3956
cubicyf, ,0.3602,0.8896,0.2919
cubicyf, ,0.4568,0.9136,0.3018
cubicyf, ,0.6033,0.9255,0.3295
cubicyf, ,0.7066,0.9255,0.3414
cubicyf, ,0.8,0.9255,0.3529
isol, ,0.9102,0.2236,0.8997
isol, ,0.4027,0.3711,1
isol, ,0.0422,0.5904,0.5899
isol, ,0.0386,0.6206,0.0201
isol, ,0.5441,0.5428,0.011
isol, ,1,0.2288,0.1631
cubicl, ,0.4706,0,0.5216
cubicl, ,0.5137,0.0527,0.7096
cubicl, ,0.4942,0.2507,0.8781
cubicl, ,0.4296,0.3858,0.9922
cubicl, ,0.3691,0.5172,0.9495
cubicl, ,0.2963,0.6191,0.8515
cubicl, ,0.2199,0.7134,0.7225
cubicl, ,0.2643,0.7836,0.5756
cubicl, ,0.3094,0.8388,0.4248
cubicl, ,0.3623,0.8917,0.2858
cubicl, ,0.52,0.921,0.3137
cubicl, ,0.68,0.9255,0.3386
cubicl, ,0.8,0.9255,0.3529
cubicl, ,0.8706,0.8549,0.3608
cubicl, ,0.9514,0.7466,0.3686
cubicl, ,0.9765,0.5887,0.3569
linearl, ,0.0143,"	0.0143","	0.0143"
linearl, ,0.1413,"	0.0555","	0.1256"
linearl, ,0.1761,"	0.0911","	0.2782"
linearl, ,0.171,"	0.1314","	0.4540"
linearl, ,0.1074,"	0.2234","	0.4984"
linearl, ,0.0686,"	0.3044","	0.5068"
linearl, ,0.0008,"	0.3927","	0.4267"
linearl, ,0,"	0.4763","	0.3464"
linearl, ,0,"	0.5565","	0.2469"
linearl, ,0,"	0.6381","	0.1638"
linearl, ,0.2167,"	0.6966","	0.0000"
linearl, ,0.3898,"	0.7563","	0.0000"
linearl, ,0.6912,"	0.7795","	0.0000"
linearl, ,0.8548,"	0.8041","	0.4555"
linearl, ,0.9712,"	0.8429","	0.7287"
linearl, ,0.9692,"	0.9273","	0.8961"
linearlhot, ,0.0225,"	0.0121","	0.0121"
linearlhot, ,0.1927,"	0.0225","	0.0311"
linearlhot, ,0.3243,"	0.0106","	0.0000"
linearlhot, ,0.4463,"	0.0000","	0.0091"
linearlhot, ,0.5706,"	0.0000","	0.0737"
linearlhot, ,0.6969,"	0.0000","	0.1337"
linearlhot, ,0.8213,"	0.0000","	0.1792"
linearlhot, ,0.8636,"	0.0000","	0.0565"
linearlhot, ,0.8821,"	0.2555","	0.0000"
linearlhot, ,0.872,"	0.4182","	0.0000"
linearlhot, ,0.8424,"	0.5552","	0.0000"
linearlhot, ,0.8031,"	0.6776","	0.0000"
linearlhot, ,0.7659,"	0.7870","	0.0000"
linearlhot, ,0.817,"	0.8296","	0.0000"
linearlhot, ,0.8853,"	0.8896","	0.4113"
linearlhot, ,0.9481,"	0.9486","	0.7165"
parula,,0.2081,0.1663,0.5292
parula,,0.21162381,0.189780952,0.577676191
parula,,0.212252381,0.213771429,0.626971429
parula,,0.2081,0.2386,0.677085714
parula,,0.195904762,0.264457143,0.7279
parula,,0.170728571,0.291938095,0.779247619
parula,,0.125271429,0.324242857,0.830271429
parula,,0.059133333,0.359833333,0.868333333
parula,,0.011695238,0.387509524,0.881957143
parula,,0.005957143,0.408614286,0.882842857
parula,,0.016514286,0.4266,0.878633333
parula,,0.032852381,0.443042857,0.871957143
parula,,0.049814286,0.458571429,0.864057143
parula,,0.062933333,0.473690476,0.855438095
parula,,0.072266667,0.488666667,0.8467
parula,,0.077942857,0.503985714,0.838371429
parula,,0.079347619,0.52002381,0.831180952
parula,,0.074942857,0.537542857,0.826271429
parula,,0.064057143,0.556985714,0.823957143
parula,,0.048771429,0.57722381,0.822828571
parula,,0.034342857,0.596580952,0.819852381
parula,,0.0265,0.6137,0.8135
parula,,0.023890476,0.628661905,0.803761905
parula,,0.023090476,0.641785714,0.791266667
parula,,0.022771429,0.653485714,0.776757143
parula,,0.026661905,0.664195238,0.760719048
parula,,0.038371429,0.674271429,0.743552381
parula,,0.058971429,0.683757143,0.725385714
parula,,0.0843,0.692833333,0.706166667
parula,,0.113295238,0.7015,0.685857143
parula,,0.145271429,0.709757143,0.664628571
parula,,0.180133333,0.717657143,0.642433333
parula,,0.217828571,0.725042857,0.619261905
parula,,0.258642857,0.731714286,0.595428571
parula,,0.302171429,0.737604762,0.571185714
parula,,0.348166667,0.742433333,0.547266667
parula,,0.395257143,0.7459,0.524442857
parula,,0.442009524,0.748080952,0.503314286
parula,,0.48712381,0.749061905,0.483976191
parula,,0.530028571,0.749114286,0.466114286
parula,,0.570857143,0.748519048,0.449390476
parula,,0.609852381,0.747314286,0.433685714
parula,,0.6473,0.7456,0.4188
parula,,0.683419048,0.743476191,0.404433333
parula,,0.718409524,0.741133333,0.390476191
parula,,0.752485714,0.7384,0.376814286
parula,,0.785842857,0.735566667,0.363271429
parula,,0.818504762,0.732733333,0.349790476
parula,,0.850657143,0.7299,0.336028571
parula,,0.882433333,0.727433333,0.3217
parula,,0.913933333,0.725785714,0.306276191
parula,,0.944957143,0.726114286,0.288642857
parula,,0.973895238,0.731395238,0.266647619
parula,,0.993771429,0.745457143,0.240347619
parula,,0.999042857,0.765314286,0.216414286
parula,,0.995533333,0.786057143,0.196652381
parula,,0.988,0.8066,0.179366667
parula,,0.978857143,0.827142857,0.163314286
parula,,0.9697,0.848138095,0.147452381
parula,,0.962585714,0.870514286,0.1309
parula,,0.958871429,0.8949,0.113242857
parula,,0.95982381,0.921833333,0.094838095
parula,,0.9661,0.951442857,0.075533333
parula,,0.9763,0.9831,0.0538
kelly,,242,243,244
kelly,,34,34,34
kelly,,243,195,0
kelly,,135,86,146
kelly,,243,132,0
kelly,,161,202,241
kelly,,190,0,50
kelly,,194,178,128
kelly,,132,132,130
kelly,,0,136,86
kelly,,230,143,172
kelly,,0,103,165
kelly,,249,147,121
kelly,,96,78,151
kelly,,246,166,0
kelly,,179,68,108
kelly,,220,211,0
kelly,,136,45,23
kelly,,141,182,0
kelly,,101,69,34
kelly,,226,88,34
kelly,,43,61,38
okabe,,0,0,0
okabe,,230,159,0
okabe,,86,180,233
okabe,,0,158,115
okabe,,240,228,66
okabe,,0,114,178
okabe,,213,94,0
okabe,,204,121,167
watlington,,0,0,0
watlington,,87,87,87
watlington,,173,35,35
watlington,,42,75,215
watlington,,29,105,20
watlington,,129,74,25
watlington,,129,38,192
watlington,,160,160,160
watlington,,129,197,122
watlington,,157,175,255
watlington,,41,208,208
watlington,,255,146,51
watlington,,255,238,51
watlington,,233,222,187
watlington,,255,205,243
watlington,,242,243,244
